date	open	high	low	close	volume
2005-11-17	18.3326	18.3392	16.2440	16.6630	10566884
2005-11-18	16.7285	18.0118	16.2374	17.7433	2155254
2005-11-21	17.7433	18.2999	16.8594	17.4160	571727
2005-11-22	17.5011	17.5011	16.3880	16.4339	375879
2005-11-23	16.4666	16.7481	16.3815	16.4601	509950
2005-11-25	17.0231	17.5011	16.6761	17.0231	71101
2005-11-28	17.9332	17.9398	16.4077	16.4732	376168
2005-11-29	16.7416	16.8398	16.2178	16.2244	271197
2005-11-30	16.3357	16.4993	16.2047	16.3684	109354
2005-12-01	16.5190	17.0231	16.1851	16.6565	148023
2005-12-02	16.8398	17.1868	16.5452	16.8136	101232
2005-12-05	17.0231	17.0231	16.2244	16.3946	171671
2005-12-06	16.6761	16.6892	15.9101	15.9886	200509
2005-12-07	16.8202	16.8202	16.2047	16.3684	321315
2005-12-08	16.5976	17.6779	16.5124	17.1213	229167
2005-12-09	17.2850	18.2671	17.1868	17.9594	182289
2005-12-12	18.3915	19.0790	18.0052	18.0773	241369
2005-12-13	18.5880	18.5880	18.1362	18.2213	91568
2005-12-14	19.1477	19.1510	17.4160	18.3981	317489
2005-12-15	19.0528	19.2492	18.0707	18.5945	267246
2005-12-16	19.6093	20.1855	18.8433	20.1528	1173608
2005-12-19	20.2903	20.2968	19.3344	19.6683	375277
2005-12-20	19.4391	19.7887	18.9677	19.0004	286567
2005-12-21	18.9284	19.0725	18.2671	18.8629	357412
2005-12-22	18.8171	18.9546	18.4832	18.8367	99986
2005-12-23	18.9153	18.9153	17.8154	18.3457	233598
2005-12-27	18.8302	19.7403	18.7844	19.6355	330695
2005-12-28	19.9694	21.6063	19.6355	21.2331	461518
2005-12-29	21.6063	22.7521	21.2855	22.7324	1090837
2005-12-30	22.7259	22.7259	21.9271	22.2545	507642
2006-01-03	22.5884	22.6211	21.7503	22.1694	363696
2006-01-04	22.2741	22.2741	21.0432	21.7045	588262
2006-01-05	21.9533	22.8241	21.2855	21.3058	544912
2006-01-06	21.4426	21.4950	20.4454	21.3248	539428
2006-01-09	21.6521	22.2217	20.8206	22.0581	527472
2006-01-10	22.3461	23.1776	22.0908	22.8241	661167
2006-01-11	22.5295	24.6115	22.5085	24.0616	664179
2006-01-12	24.8014	24.9062	22.6866	22.8176	1301565
2006-01-13	23.3086	23.9306	22.1628	22.2479	785912
2006-01-17	22.2479	22.9158	21.8551	22.3003	416429
2006-01-18	22.0319	23.1122	21.2986	23.0794	870424
2006-01-19	23.5312	23.5705	22.3396	22.4182	1061058
2006-01-20	22.5426	23.0402	22.1366	22.1628	604857
2006-01-23	22.8765	22.8961	21.1873	21.3182	736219
2006-01-24	21.1480	21.6718	20.7551	20.8206	563408
2006-01-25	20.7355	21.0236	19.0397	19.7272	1629973
2006-01-26	20.9450	23.3086	20.4278	23.2038	2073967
2006-01-27	23.5574	24.8210	23.0794	23.5116	1159469
2006-01-30	23.4919	26.0912	22.7521	25.7901	1031306
2006-01-31	25.8621	26.3204	24.9454	26.1888	1166043
2006-02-01	26.6805	26.9882	25.0306	25.2008	782490
2006-02-02	25.2139	26.2549	24.5722	24.8734	678311
2006-02-03	24.6836	24.8800	23.6163	23.8455	305149
2006-02-06	24.1729	25.1549	24.0124	24.5526	458636
2006-02-07	24.6508	24.6508	23.1776	23.2759	382838
2006-02-08	23.4526	24.4216	23.3151	24.2711	356062
2006-02-09	23.9502	25.0764	23.9502	24.7687	238853
2006-02-10	24.5984	24.5984	23.3086	24.3562	336837
2006-02-13	24.3234	24.8669	23.7735	24.2842	229158
2006-02-14	24.1598	24.1598	22.9681	23.4396	524726
2006-02-15	23.2431	24.1270	22.8110	22.9878	303967
2006-02-16	23.0271	24.1270	22.9485	23.9175	241801
2006-02-17	24.1467	25.1026	23.9044	25.0175	576811
2006-02-21	25.8621	26.0192	24.2121	24.5395	697178
2006-02-22	24.3169	24.8472	24.1467	24.5722	378995
2006-02-23	24.4544	25.2728	24.1336	25.1419	356948
2006-02-24	25.2663	26.2746	24.8145	25.9734	406591
2006-02-27	26.5168	28.5465	26.2549	28.3501	1138279
2006-02-28	28.2911	29.2012	26.9620	28.7429	880503
2006-03-01	28.7887	29.5221	28.3370	28.8542	504542
2006-03-02	28.6774	28.7429	27.6364	28.4025	835052
2006-03-03	28.1536	28.8084	27.8263	28.2374	144591
2006-03-06	28.5203	28.8018	27.8263	27.9900	334949
2006-03-07	28.1209	28.1536	26.0585	26.4841	553868
2006-03-08	26.4841	26.5103	25.5347	25.8752	325710
2006-03-09	25.5543	26.4841	25.5347	25.5347	134486
2006-03-10	25.3841	25.5216	24.6050	24.9323	425168
2006-03-13	25.2073	26.1371	24.8080	24.8472	237016
2006-03-14	24.9258	26.7067	24.8800	26.6347	551538
2006-03-15	26.7001	27.9900	26.5070	27.3287	739870
2006-03-16	27.6299	27.6429	26.2615	26.9227	324907
2006-03-17	26.7591	27.0406	26.2156	26.7001	595738
2006-03-20	27.4531	27.4531	25.2466	26.0389	650829
2006-03-21	25.9799	26.7329	25.6788	26.0978	349583
2006-03-22	26.1829	26.2091	25.5151	25.8621	217059
2006-03-23	25.8621	25.9668	25.5347	25.7639	269414
2006-03-24	25.7966	26.2876	25.6591	25.8228	244921
2006-03-27	25.6918	26.5495	25.5413	26.1502	335326
2006-03-28	26.3073	26.3728	24.7752	25.2924	430583
2006-03-29	25.4954	26.1829	25.4169	25.7573	287676
2006-03-30	25.7901	26.0847	24.9454	25.2728	311087
2006-03-31	24.9520	25.2728	24.9454	24.9847	176156
2006-04-03	25.2532	25.4103	24.3234	24.6312	575273
2006-04-04	24.3562	24.4806	23.2693	23.6883	1002948
2006-04-05	23.5378	24.1598	23.5378	24.0681	419318
2006-04-06	24.1925	24.4871	24.1074	24.3879	316672
2006-04-07	24.0026	24.2252	23.0860	23.3544	756538
2006-04-10	23.4723	23.4723	22.8176	23.1776	411890
2006-04-11	23.3872	23.4723	22.6539	22.6931	242439
2006-04-12	22.7521	24.1794	22.6866	23.6261	313871
2006-04-13	23.9633	24.1467	23.1842	23.4330	193464
2006-04-17	23.8651	25.1091	23.5705	24.5199	384998
2006-04-18	24.8538	25.5020	24.3824	25.3252	517757
2006-04-19	25.7311	27.4989	25.3317	27.4989	927341
2006-04-20	25.9603	26.2025	24.7719	25.2663	954503
2006-04-21	25.8359	26.1240	24.9782	25.1811	395125
2006-04-24	25.9930	26.0585	25.2073	25.6984	416568
2006-04-25	25.9276	26.6936	25.5347	26.3859	411299
2006-04-26	26.5823	26.7067	25.7311	25.9996	283546
2006-04-27	25.7901	26.0323	24.4282	24.6901	304310
2006-04-28	24.7163	25.6264	24.5591	25.1550	288743
2006-05-01	25.3972	25.8424	25.3383	25.6002	274251
2006-05-02	25.6918	25.8490	25.0895	25.5609	104162
2006-05-03	25.7049	26.1894	25.5347	26.1633	184423
2006-05-04	26.1894	26.4382	25.8490	26.0192	231841
2006-05-05	26.2811	26.3793	25.5478	25.7639	204470
2006-05-08	25.8621	26.1894	25.5871	25.8490	344875
2006-05-09	26.0585	26.2942	25.8621	25.9668	101978
2006-05-10	26.2353	26.3204	24.9258	24.9585	429997
2006-05-11	24.9847	25.9276	23.0532	23.1056	554910
2006-05-12	23.2431	24.0026	22.9158	23.8258	325407
2006-05-15	23.5116	23.7473	21.7241	22.1039	580103
2006-05-16	22.1039	22.6866	21.7111	22.0122	341132
2006-05-17	21.9337	21.9337	19.6421	19.8385	963492
2006-05-18	20.3492	20.7682	19.8254	19.8843	727552
2006-05-19	19.8058	20.5784	19.7076	20.3885	375961
2006-05-22	20.4605	20.4605	18.6600	19.2820	944539
2006-05-23	19.4522	21.2135	19.4522	20.1004	648037
2006-05-24	20.9319	20.9319	19.4587	19.8581	300379
2006-05-25	19.9040	21.5408	19.9040	21.4950	527129
2006-05-26	21.6063	21.8420	21.2789	21.5736	228161
2006-05-30	21.6914	21.6914	20.4016	20.8533	382376
2006-05-31	20.9516	20.9516	19.6421	19.8974	754772
2006-06-01	19.6617	19.7730	19.3147	19.3278	3602423
2006-06-02	19.4653	19.6683	19.3147	19.4195	505442
2006-06-05	19.8058	19.9629	19.0266	19.3344	818857
2006-06-06	19.3474	19.4784	18.6600	18.9022	741540
2006-06-07	18.9808	19.0659	18.2671	18.3588	501516
2006-06-08	18.2671	18.2671	17.4814	18.0445	599560
2006-06-09	18.1820	19.0790	18.1820	18.8629	628592
2006-06-12	19.0135	19.0135	17.9070	17.9267	450441
2006-06-13	17.8023	17.9987	16.9380	17.2850	656997
2006-06-14	17.2654	17.3112	16.1065	16.3684	689693
2006-06-15	16.4666	18.3653	16.4666	18.1558	959174
2006-06-16	18.1689	18.3326	17.8088	18.1624	632023
2006-06-19	17.9725	18.1951	17.3636	17.7172	338831
2006-06-20	17.6255	17.9724	17.4160	17.7433	191360
2006-06-21	17.9660	18.7844	17.6451	18.3981	449157
2006-06-22	18.4963	18.6796	17.7826	18.2737	360533
2006-06-23	18.1100	18.6272	17.8088	18.3457	267096
2006-06-26	18.6207	18.6665	18.0688	18.2606	108526
2006-06-27	18.2148	18.4046	17.5535	17.5862	177037
2006-06-28	17.5666	17.9594	17.4291	17.9398	414204
2006-06-29	18.0314	18.3130	17.6059	18.2409	605700
2006-06-30	18.3523	18.4897	17.9529	18.3457	519756
2006-07-03	18.2540	18.8302	18.2344	18.7189	128704
2006-07-05	18.5945	18.6076	18.0052	18.3588	156664
2006-07-06	18.3326	19.2427	18.3326	18.6534	653240
2006-07-07	18.6600	18.6927	17.8612	17.9332	307044
2006-07-10	18.9153	18.9153	17.0231	17.2196	444065
2006-07-11	17.0952	17.7368	16.7285	17.6975	242747
2006-07-12	17.5928	17.6986	17.1017	17.1934	106037
2006-07-13	17.0624	17.6059	16.5321	16.7285	469352
2006-07-14	16.5583	16.8136	16.1458	16.1589	407861
2006-07-17	16.2047	16.3815	15.7857	15.8773	199731
2006-07-18	15.9035	16.2047	15.5500	15.7333	373741
2006-07-19	15.7137	17.3309	15.5925	17.3112	936339
2006-07-20	19.6421	19.8254	17.8546	18.3457	2136444
2006-07-21	19.1838	19.2293	18.0380	18.8629	1028649
2006-07-24	18.9546	19.6945	18.9022	19.6748	604692
2006-07-25	19.6421	21.6587	19.6355	21.6063	1452456
2006-07-26	21.5146	21.5997	20.8403	21.4753	639727
2006-07-27	21.5277	21.9795	20.8730	21.1349	388117
2006-07-28	20.9908	21.4950	20.5914	20.9319	389810
2006-07-31	20.9646	20.9646	20.3819	20.9057	266911
2006-08-01	20.6897	20.8599	20.2313	20.5718	376670
2006-08-02	20.6962	21.4753	20.6438	21.1611	368189
2006-08-03	21.3182	21.8224	20.9371	21.6718	284672
2006-08-04	22.0646	22.4247	20.7748	20.9843	411105
2006-08-07	20.8795	21.4819	20.7879	21.1152	260180
2006-08-08	21.2135	21.3771	20.7420	20.9516	126919
2006-08-09	21.3051	21.4161	20.4932	20.5587	185863
2006-08-10	20.4932	20.6700	20.0153	20.3034	424678
2006-08-11	20.3165	20.3165	19.6748	19.9498	163634
2006-08-14	20.0611	20.1986	19.7534	19.8516	196716
2006-08-15	20.1659	21.0891	19.8778	20.9385	403862
2006-08-16	21.1742	22.0188	20.9057	21.9337	373043
2006-08-17	21.9337	22.0908	21.3182	21.3444	211295
2006-08-18	21.4426	21.5565	20.8664	21.5277	197519
2006-08-21	21.4099	21.5736	20.8010	20.8730	132247
2006-08-22	20.9516	21.1152	20.6242	20.8730	186076
2006-08-23	21.0039	21.2658	20.3099	20.7028	185803
2006-08-24	20.8795	20.8795	20.1004	20.2313	284309
2006-08-25	20.2313	20.5260	19.7534	20.1790	375389
2006-08-28	20.1986	20.2837	19.8451	19.9629	176278
2006-08-29	19.8843	20.2706	19.7468	19.9040	368678
2006-08-30	19.9564	20.9188	19.9564	20.5980	327986
2006-08-31	20.7879	21.2135	20.4147	20.9908	350549
2006-09-01	20.8992	21.2658	20.0873	20.4998	326868
2006-09-05	20.5914	20.5914	20.0938	20.5522	149378
2006-09-06	20.6635	20.6635	19.8712	20.1200	391578
2006-09-07	19.9825	20.3492	19.6028	19.9956	324613
2006-09-08	19.9956	20.1200	19.4784	19.6355	433015
2006-09-11	19.5439	19.6355	18.6600	18.6993	898110
2006-09-12	18.9088	19.3933	18.7124	19.1445	458392
2006-09-13	19.1510	19.5504	19.0463	19.4784	449249
2006-09-14	19.6421	19.6421	18.9153	19.1576	312331
2006-09-15	19.3082	19.3082	18.1166	18.8629	688982
2006-09-18	18.8302	19.5373	18.7254	19.1445	189244
2006-09-19	19.1772	19.1838	17.7892	18.1689	589027
2006-09-20	18.2671	18.6141	17.6779	17.7892	506651
2006-09-21	17.9136	18.2344	17.4225	17.5469	400583
2006-09-22	17.4160	17.5469	16.8333	17.1999	498799
2006-09-25	17.2392	17.7172	16.9577	17.6713	532288
2006-09-26	17.7695	17.7695	17.0428	17.4422	587797
2006-09-27	17.7172	17.8743	17.5207	17.8743	392080
2006-09-28	17.9660	18.3261	17.7433	18.0969	464547
2006-09-29	18.3457	18.5945	18.0052	18.1624	611683
2006-10-02	17.9005	18.1689	17.8154	18.1624	606291
2006-10-03	18.0380	18.2344	17.6320	18.0380	676709
2006-10-04	18.2802	19.0725	18.2017	18.7385	1112144
2006-10-05	18.7058	19.2754	18.6993	18.8171	551738
2006-10-06	18.7254	18.8040	17.2523	17.6451	1481308
2006-10-09	17.5797	18.6338	17.3243	18.6272	863788
2006-10-10	18.6272	19.0790	18.2017	18.9546	453422
2006-10-11	18.7909	19.5439	18.7778	19.0986	1211523
2006-10-12	19.1641	20.1331	19.1641	19.7468	472287
2006-10-13	19.6945	20.6111	19.6748	20.4343	801946
2006-10-16	20.4801	20.7028	19.9433	20.3623	495561
2006-10-17	20.4867	21.0432	20.4474	20.7551	1138523
2006-10-18	21.2789	21.5081	21.0170	21.3117	1389077
2006-10-19	20.5784	21.1480	19.9956	20.9123	2319983
2006-10-20	20.8141	21.0367	20.5129	20.6897	712718
2006-10-23	20.7944	20.9516	20.2772	20.5587	669858
2006-10-24	20.3688	20.4409	20.1331	20.3099	495518
2006-10-25	20.3557	20.6242	20.1855	20.3099	578940
2006-10-26	20.3950	21.4950	20.3950	21.2855	831566
2006-10-27	21.1807	21.4819	21.0498	21.3248	437395
2006-10-30	21.6456	22.2217	20.9516	21.9468	654212
2006-10-31	21.8485	22.9158	21.6456	22.0319	757357
2006-11-01	22.0253	22.2545	20.9385	21.3378	651051
2006-11-02	20.9516	21.3182	20.9123	21.1545	428820
2006-11-03	21.2265	21.5081	20.5718	20.6242	425938
2006-11-06	20.7617	21.6521	20.7551	21.4361	334731
2006-11-07	21.5866	22.3723	21.5866	22.1301	619500
2006-11-08	21.6390	22.9550	21.5932	22.2676	857261
2006-11-09	22.3920	22.9158	21.8027	22.0122	1019804
2006-11-10	21.9402	22.8176	21.9402	22.4836	452790
2006-11-13	22.7128	23.9830	22.5884	23.8455	947924
2006-11-14	23.7538	25.0175	23.6425	24.9716	1092469
2006-11-15	24.8800	26.1240	24.2252	25.2335	1742923
2006-11-16	25.2466	25.6263	23.9044	24.7883	1205314
2006-11-17	24.7883	24.9520	23.9895	24.1663	709386
2006-11-20	24.1729	24.5919	24.1008	24.2383	549074
2006-11-21	24.6966	24.9520	24.4937	24.9454	786372
2006-11-22	24.8800	26.1894	24.8472	26.1829	1235701
2006-11-24	25.9144	26.0192	25.4038	25.4758	372727
2006-11-27	25.4038	25.6721	24.6312	24.7556	501790
2006-11-28	24.6901	24.9389	24.5133	24.6770	299973
2006-11-29	24.6639	25.1222	24.6639	24.8472	306929
2006-11-30	24.9716	25.4627	24.4282	24.4348	561229
2006-12-01	24.3103	24.3627	23.6098	23.8717	555146
2006-12-04	23.8848	24.5788	23.8848	24.4740	301783
2006-12-05	24.5199	25.4365	24.4151	24.9389	427891
2006-12-06	24.8734	24.9651	24.4544	24.9127	392108
2006-12-07	25.1615	25.1615	24.4478	24.7032	382935
2006-12-08	24.4806	24.9258	24.2449	24.8800	433503
2006-12-11	25.0109	25.6656	24.6181	25.4561	1025715
2006-12-12	25.5347	25.8293	24.7425	24.8276	1518969
2006-12-13	24.8800	25.3383	24.8603	24.9782	627638
2006-12-14	24.9389	25.3317	24.9127	25.2794	506572
2006-12-15	25.2924	25.5347	24.5788	24.8603	548322
2006-12-18	24.8603	25.1942	24.2187	24.2776	685436
2006-12-19	24.2318	24.7228	23.7145	24.6836	610293
2006-12-20	24.6377	25.2073	24.5657	24.9062	378533
2006-12-21	24.9716	24.9716	24.2252	24.3234	339120
2006-12-22	24.3889	24.3889	23.9437	23.9830	120313
2006-12-26	23.9633	24.1074	23.5574	23.7669	312259
2006-12-27	23.9110	24.2187	23.5181	23.6556	375294
2006-12-28	23.8389	24.3103	23.6949	23.8062	624379
2006-12-29	23.9895	24.5002	23.9895	24.3365	515131
2007-01-03	24.3365	25.1419	23.8651	24.1336	893665
2007-01-04	24.1598	24.1598	23.1776	23.8455	947501
2007-01-05	23.8128	23.8128	23.2235	23.5574	358684
2007-01-08	23.7604	25.1288	23.6818	24.7294	571304
2007-01-09	24.6508	25.4889	24.4937	25.3252	682696
2007-01-10	25.2728	27.3483	25.2335	27.0079	1666533
2007-01-11	27.1977	28.8215	27.0144	28.6774	1756685
2007-01-12	28.8149	29.0834	27.2959	27.5447	1573574
2007-01-16	27.9245	28.2453	27.3090	27.6626	685952
2007-01-17	27.8197	28.5138	27.6953	27.9572	783656
2007-01-18	27.9441	28.0358	27.0995	27.4334	424785
2007-01-19	27.3549	28.5085	26.9358	27.8132	721222
2007-01-22	27.5971	27.5971	26.8507	27.4007	737686
2007-01-23	27.4400	28.6840	27.3221	27.6888	665523
2007-01-24	28.0399	28.3501	26.9162	27.0668	1178601
2007-01-25	27.2894	27.2894	25.8883	26.6674	1694442
2007-01-26	26.5430	28.5989	26.1043	28.3501	997250
2007-01-29	27.9507	30.0786	27.7804	29.0048	1552385
2007-01-30	29.3976	29.6595	28.6582	29.4500	1087004
2007-01-31	29.5941	29.5941	28.7429	29.0048	690877
2007-02-01	29.3322	29.5744	28.6120	29.1423	739270
2007-02-02	29.2667	29.2929	28.3697	28.3828	1800148
2007-02-05	28.4810	30.3667	28.3894	29.9804	1646819
2007-02-06	30.0589	31.4142	29.5744	30.3470	1445693
2007-02-07	30.3798	30.3994	29.5941	29.9542	1471583
2007-02-08	29.8036	30.0851	29.1358	29.1358	1029678
2007-02-09	29.0572	29.4042	28.4810	28.5596	974332
2007-02-12	28.5661	28.7429	27.3876	28.4614	993519
2007-02-13	28.6054	28.9786	28.1013	28.6054	709232
2007-02-14	29.0768	29.9018	28.8477	29.5482	744493
2007-02-15	29.5941	29.9869	28.9655	29.2471	703875
2007-02-16	29.3584	29.6726	29.1685	29.5417	646441
2007-02-20	29.7905	29.8101	29.1423	29.4631	745246
2007-02-21	29.4631	30.6155	29.4631	30.4911	715294
2007-02-22	30.7726	31.1000	30.0409	30.4780	407542
2007-02-23	30.4780	31.0410	30.3077	30.4387	560000
2007-02-26	30.9821	30.9821	30.1048	30.5369	772918
2007-02-27	29.6334	29.7905	27.5513	28.4876	1908361
2007-02-28	28.3501	28.6381	27.6299	28.3501	1313205
2007-03-01	28.2846	28.2911	26.9686	27.4007	1020736
2007-03-02	27.3811	27.8852	26.2418	26.4251	883032
2007-03-05	26.0258	26.1894	25.4169	25.6984	990330
2007-03-06	26.3204	26.5954	25.8031	26.3008	550140
2007-03-07	26.4055	27.5775	25.8817	27.2501	1055873
2007-03-08	27.7150	28.6381	27.6561	28.1602	1097600
2007-03-09	28.4679	28.6316	27.6561	28.1602	571016
2007-03-12	28.1798	29.4304	27.6953	29.2209	787195
2007-03-13	28.9852	29.1292	28.4286	28.7233	605836
2007-03-14	28.6578	28.9341	27.7674	28.5661	470727
2007-03-15	28.9917	29.4566	28.3304	28.3697	706682
2007-03-16	28.4810	29.0114	27.3025	27.4334	716054
2007-03-19	28.0882	28.0882	27.1061	27.2370	1220606
2007-03-20	27.3287	27.6561	26.6019	27.0079	907689
2007-03-21	26.9096	28.3959	26.3728	27.0930	708764
2007-03-22	27.5775	28.1536	27.3418	27.8852	898987
2007-03-23	28.1798	28.5792	27.2239	27.3483	701217
2007-03-26	27.8585	28.2584	27.4203	28.0358	861370
2007-03-27	28.6774	29.6268	28.0358	29.5417	1832084
2007-03-28	29.9935	31.4993	29.6465	30.6482	1943833
2007-03-29	31.0698	31.4273	29.2601	30.4190	1425429
2007-03-30	30.3536	31.3291	29.7316	29.7905	937175
2007-04-02	30.2488	30.8970	30.0131	30.6482	1714837
2007-04-03	31.1785	31.4273	30.4845	30.8577	892774
2007-04-04	31.2571	32.7957	30.9166	32.1344	2315475
2007-04-05	32.1999	33.1689	31.6761	31.9184	990116
2007-04-09	32.3963	32.5993	31.5910	31.8202	786805
2007-04-10	32.1475	32.7368	31.3357	32.6844	1087517
2007-04-11	32.9267	33.7189	32.5993	33.0380	1687629
2007-04-12	33.1624	33.9546	32.9005	33.4505	1417660
2007-04-13	33.9939	35.1593	33.1296	34.7403	1691380
2007-04-16	34.8451	36.3379	34.4719	35.8010	2085543
2007-04-17	35.6635	36.0105	35.0480	35.5325	1023828
2007-04-18	34.6552	36.9140	34.4391	36.8158	1706203
2007-04-19	36.6652	37.4313	35.3099	35.4343	1509296
2007-04-20	36.1087	36.3968	34.7337	36.3117	1348429
2007-04-23	37.6277	37.6473	36.5212	37.1890	1844677
2007-04-24	37.3003	37.6317	36.8355	36.9991	1242195
2007-04-25	37.3331	39.0419	37.0712	37.9747	2473857
2007-04-26	38.6294	39.6705	37.2479	38.6818	3318261
2007-04-27	38.4265	38.9895	38.2955	38.9895	1182666
2007-04-30	39.1467	40.9210	38.7929	39.7294	2312308
2007-05-01	38.3021	38.3479	36.0301	37.3854	4142516
2007-05-02	37.3985	37.7914	36.9140	37.3134	1536193
2007-05-03	37.4313	37.6997	36.8485	37.2086	1135416
2007-05-04	37.8503	38.7931	37.8503	38.1973	2330473
2007-05-07	38.3152	39.6115	36.4688	36.7962	3088980
2007-05-08	36.8616	37.8045	36.1742	37.7062	1649363
2007-05-09	37.8634	38.2890	37.4836	38.2039	1467279
2007-05-10	38.0729	38.3806	36.9729	37.0712	1602817
2007-05-11	37.6997	38.0729	36.8682	37.5164	792379
2007-05-14	37.9158	37.9747	36.5866	37.0777	1758131
2007-05-15	36.4033	37.4836	36.0105	36.0563	3024476
2007-05-16	36.0170	36.8682	34.7468	36.5932	1880448
2007-05-17	36.3968	36.5997	35.4566	35.7682	819791
2007-05-18	35.4212	35.5980	33.8629	34.7206	3003784
2007-05-21	34.5701	35.3557	34.3736	34.6290	1945242
2007-05-22	34.7206	36.5670	34.5242	36.4230	2062765
2007-05-23	36.6652	36.7962	35.1593	35.3950	1499427
2007-05-24	35.4212	35.5980	33.9284	34.1576	1649184
2007-05-25	34.1510	34.7337	34.1510	34.6028	606617
2007-05-29	34.8385	35.2837	34.2100	34.6159	931718
2007-05-30	33.7189	35.6045	33.3915	35.5718	1387790
2007-05-31	35.8272	36.0105	34.7076	34.9695	1307355
2007-06-01	35.4016	35.6504	34.7337	35.3426	726182
2007-06-04	35.0873	35.4474	34.0921	34.4588	833775
2007-06-05	34.2885	37.2152	33.9481	36.6128	2745121
2007-06-06	36.5866	37.3199	35.4671	35.7813	2223700
2007-06-07	36.1742	36.4033	34.2558	34.6552	1097711
2007-06-08	34.6355	35.4212	34.3540	35.3885	1055416
2007-06-11	35.5849	35.8141	34.8647	35.6831	698642
2007-06-12	35.5194	35.5522	34.6355	35.0415	860743
2007-06-13	35.6242	35.6307	35.0349	35.5980	998130
2007-06-14	35.8337	37.7128	35.7813	37.5819	2224956
2007-06-15	37.7455	38.0402	37.0384	37.9354	1362776
2007-06-18	38.3021	38.6098	37.5360	38.2169	1222403
2007-06-19	37.7521	38.2562	37.3920	37.7652	1027845
2007-06-20	38.4788	40.9799	38.3413	38.9241	3796647
2007-06-21	38.9568	40.3252	38.4592	39.7883	1512851
2007-06-22	39.9062	42.4793	39.4871	42.0210	4907499
2007-06-25	42.2370	42.9179	41.2353	41.7525	2239039
2007-06-26	42.0144	42.5906	39.6770	40.4954	1832000
2007-06-27	39.9389	41.9031	39.7228	41.7198	1073062
2007-06-28	42.5578	42.5578	41.3204	41.4775	1535467
2007-06-29	42.0668	42.7477	40.5936	41.2811	957074
2007-07-02	41.0978	43.2126	41.0978	42.6495	1303500
2007-07-03	43.1144	43.3763	42.4465	43.3435	868655
2007-07-05	43.5727	43.8673	42.2501	42.9769	1302583
2007-07-06	43.0031	44.2536	42.9376	44.2405	774672
2007-07-09	45.5172	45.7006	44.2078	44.4761	2463439
2007-07-10	44.3584	45.1637	43.4434	44.7970	1686173
2007-07-11	44.7970	45.3339	43.9852	44.2274	790845
2007-07-12	44.5941	44.8691	43.5923	44.8691	1286383
2007-07-13	44.5875	45.1303	44.4107	44.6792	599207
2007-07-16	45.2292	46.6499	44.6530	45.1899	1993233
2007-07-17	45.2423	46.0279	44.4107	44.7578	1009033
2007-07-18	44.9280	46.4732	44.5221	45.8315	1770457
2007-07-19	43.9524	45.1309	42.3352	44.9869	3268462
2007-07-20	43.8673	44.8298	42.9638	44.4828	1258189
2007-07-23	44.5221	47.6975	44.3976	46.1851	1832330
2007-07-24	45.9232	46.5125	44.0637	44.4762	1558794
2007-07-25	44.5089	45.1768	42.8852	43.0554	1417824
2007-07-26	42.3287	45.0131	42.0733	44.0441	4388049
2007-07-27	44.2732	45.4714	43.7036	44.4173	1795847
2007-07-30	44.8691	47.8088	44.6857	47.3636	1820457
2007-07-31	47.8808	49.0659	45.1244	46.1785	1956780
2007-08-01	45.8053	46.1196	44.5221	45.6351	999238
2007-08-02	45.7071	46.4797	44.5221	45.1571	1234123
2007-08-03	45.4649	45.9494	43.8018	44.0637	828383
2007-08-06	44.1227	45.2292	41.4775	43.1602	2231949
2007-08-07	42.9441	45.1768	42.8197	44.5482	1344152
2007-08-08	45.1768	52.6735	45.0917	50.4605	3389540
2007-08-09	48.9088	53.2104	47.7957	51.3902	3005929
2007-08-10	49.6945	50.4016	47.0755	48.2671	2282907
2007-08-13	49.1183	49.7272	46.9773	46.9839	1097845
2007-08-14	46.8791	47.7957	45.9232	46.8005	1164920
2007-08-15	46.4732	46.8922	44.5548	45.0065	1027091
2007-08-16	43.2257	44.3125	39.0485	42.7674	3693467
2007-08-17	44.6137	45.6875	41.7067	42.6102	1750001
2007-08-20	43.8346	44.5221	42.2436	42.9179	1237077
2007-08-21	43.0162	43.0162	39.8079	40.7246	3709097
2007-08-22	42.8852	44.1750	41.5757	43.4679	2193284
2007-08-23	43.9328	44.2602	41.0912	41.7852	1911173
2007-08-24	41.9031	41.9031	41.0127	41.5954	1268134
2007-08-27	41.3859	41.7394	40.6264	40.9275	804898
2007-08-28	40.4823	40.5674	39.2842	39.4544	1606732
2007-08-29	39.6966	41.9293	39.6966	41.6019	1324292
2007-08-30	41.0978	42.7150	40.6788	42.2108	1255019
2007-08-31	43.4679	45.3077	43.0882	44.7381	2310575
2007-09-04	44.9476	47.8285	44.8232	47.0166	1629613
2007-09-05	46.9773	47.8088	46.4404	47.5535	1235474
2007-09-06	47.5535	49.0397	47.5338	48.3915	1124787
2007-09-07	47.4945	47.6975	45.0196	45.5500	1092181
2007-09-10	46.0869	47.3374	44.9345	47.0231	1083976
2007-09-11	47.1410	48.8106	46.4929	48.1362	822913
2007-09-12	48.0314	49.2558	47.3309	47.5469	1354436
2007-09-13	47.8154	48.9546	47.6517	48.8957	769630
2007-09-14	48.7582	49.3344	48.3195	48.7385	930410
2007-09-17	49.0332	49.5766	48.4898	48.8826	1001339
2007-09-18	49.2689	51.9206	49.1118	51.4492	1560335
2007-09-19	52.1170	54.2776	52.1170	54.0354	1765325
2007-09-20	53.6425	54.6705	53.2235	53.9633	1027891
2007-09-21	53.9895	55.1091	52.4444	54.9127	1703735
2007-09-24	55.6526	56.9162	52.4444	53.1122	1525981
2007-09-25	52.3789	54.5133	51.8485	53.4330	1059180
2007-09-26	54.8734	55.1615	53.6687	54.5395	966456
2007-09-27	54.6639	55.5805	52.7652	52.9092	1436992
2007-09-28	54.2776	54.8669	53.1318	54.2252	1056769
2007-10-01	54.7621	57.6495	53.3610	57.5578	1832894
2007-10-02	57.7805	58.4156	56.1109	56.9620	1633186
2007-10-03	56.4317	58.5989	55.3252	55.9537	1251729
2007-10-04	55.6526	56.5954	54.9323	56.2025	944154
2007-10-05	57.1257	58.8477	56.8049	58.3239	968817
2007-10-08	57.8787	59.0114	57.2959	58.0162	541067
2007-10-09	58.7756	59.0899	57.0406	58.3501	1258900
2007-10-10	58.5792	59.7447	58.0031	58.1340	1271413
2007-10-11	58.9262	59.5155	54.9782	56.4710	1096850
2007-10-12	56.3073	58.9262	56.3073	58.3370	652966
2007-10-15	60.0458	60.8839	58.5989	59.2994	1023011
2007-10-16	59.9411	60.3601	58.3435	60.1048	1037638
2007-10-17	61.5779	62.0035	58.4090	58.8149	1475584
2007-10-18	57.0799	63.8760	55.9799	63.5159	3798686
2007-10-19	63.5094	64.2754	61.9380	62.5666	1983538
2007-10-22	61.5517	67.1759	60.6089	66.6194	2261107
2007-10-23	68.4199	71.9489	67.4574	70.9537	2627739
2007-10-24	70.7835	73.9852	68.8783	73.9852	2647829
2007-10-25	73.1209	73.3304	67.9485	69.9127	2655990
2007-10-26	71.6019	77.1148	71.4121	76.8660	2373079
2007-10-29	77.5338	81.1218	77.1868	79.7730	2510115
2007-10-30	78.9284	80.7224	77.5862	77.9529	1453669
2007-10-31	81.1676	84.3103	80.1528	82.7979	3425853
2007-11-01	82.0515	82.8830	80.0611	81.9468	2670361
2007-11-02	82.4967	82.4967	78.4243	81.0891	2104160
2007-11-05	78.6403	86.4710	78.5880	84.6115	2836963
2007-11-06	88.8346	99.9258	88.5465	97.9223	5395508
2007-11-07	97.6342	98.7407	92.4618	94.9367	4109576
2007-11-08	102.8721	107.6975	90.0000	92.9267	6288869
2007-11-09	88.1798	92.0755	81.8420	84.2645	4142343
2007-11-12	82.4967	84.3627	71.0978	71.9424	4330682
2007-11-13	77.0886	77.7433	70.2466	70.9865	3725061
2007-11-14	75.8512	81.7438	74.3453	75.8839	3994053
2007-11-15	75.7726	80.7551	74.4107	76.9249	2683520
2007-11-16	78.2409	78.5618	73.7233	76.8595	2663890
2007-11-19	78.5618	80.5325	73.6774	74.2340	2395667
2007-11-20	75.6286	77.3636	68.0074	69.6443	2702785
2007-11-21	66.9140	71.3007	64.5897	68.1384	3541966
2007-11-23	68.3675	69.7163	66.2593	69.3824	934965
2007-11-26	69.3889	75.2946	68.1907	70.7115	3149626
2007-11-27	73.0096	74.1096	67.4705	69.1401	2148214
2007-11-28	72.7604	80.2575	71.4644	79.2885	4049003
2007-11-29	78.3162	84.7032	77.8612	81.4754	3919522
2007-11-30	83.9568	86.4252	79.3147	81.4754	4227605
2007-12-03	81.1873	85.2269	80.2182	83.5050	2768081
2007-12-04	83.8062	87.1519	81.5539	83.9175	3292655
2007-12-05	88.2846	89.2602	83.6949	85.4430	2764762
2007-12-06	86.8835	86.8835	81.1349	82.1301	2423960
2007-12-07	85.5805	87.7477	82.6735	87.4793	3536884
2007-12-10	89.1685	91.6630	86.0978	87.4989	2394085
2007-12-11	89.2733	89.2733	80.0087	81.1872	2716165
2007-12-12	86.0847	86.0912	80.5325	83.2824	2581621
2007-12-13	84.0026	85.1091	79.3409	82.4182	2669474
2007-12-14	82.4902	86.4055	81.4622	83.9306	2639939
2007-12-17	84.1401	84.5853	78.0838	79.5439	1823755
2007-12-18	81.3313	82.7128	78.4374	82.0712	1928399
2007-12-19	82.5884	84.9258	81.6456	84.5330	1765855
2007-12-20	85.6984	86.8769	83.7670	86.1829	1857752
2007-12-21	86.8507	87.8721	84.1794	84.4740	2485344
2007-12-24	85.5085	91.5976	85.1484	90.4518	1681913
2007-12-26	91.8071	94.6028	90.6809	92.7237	2554786
2007-12-27	91.8267	93.4636	87.9245	88.4745	1764821
2007-12-28	90.3863	90.4649	85.7704	85.8032	1736774
2007-12-31	85.3317	87.3549	84.5133	85.3710	1263955
2008-01-02	85.8424	86.4906	81.0629	83.6229	2236585
2008-01-03	83.7276	87.9572	83.1646	85.9603	2176468
2008-01-04	83.5378	87.3614	81.6980	82.5753	2534215
2008-01-07	83.5509	84.4413	74.3125	77.1083	4381790
2008-01-08	76.9642	79.3998	74.8167	75.3928	3529836
2008-01-09	74.3060	76.9969	67.1039	72.7543	4637835
2008-01-10	70.7115	73.6578	68.3021	72.4858	2643262
2008-01-11	75.2750	75.8184	70.0567	71.1567	2315868
2008-01-14	71.9555	72.7674	69.5395	72.4203	1849608
2008-01-15	70.3055	71.4121	62.6386	64.2427	3962738
2008-01-16	64.0070	65.4671	56.8049	59.9935	6610957
2008-01-17	56.1960	58.4286	52.4640	53.0074	6232659
2008-01-18	54.2842	54.7818	47.4225	48.9415	6925097
2008-01-22	44.1161	51.7765	42.8852	51.0170	6053986
2008-01-23	49.4653	50.0349	42.5971	48.6142	9773154
2008-01-24	43.1602	47.1410	39.4478	45.3143	18857862
2008-01-25	49.7010	50.3688	47.3440	47.9856	9102454
2008-01-28	49.2951	49.4849	46.1720	47.2719	5239447
2008-01-29	47.2130	49.3802	44.9804	48.8433	4968267
2008-01-30	48.2082	48.8106	45.2095	46.0279	4608887
2008-01-31	45.1833	46.3095	43.7560	45.2357	3761606
2008-02-01	45.6678	48.2868	45.1637	47.8874	3883689
2008-02-04	48.2278	51.2658	47.6451	49.7599	4363376
2008-02-05	48.6534	49.0266	43.5399	43.6316	6472842
2008-02-06	44.2078	45.2946	39.3234	39.4675	5190463
2008-02-07	38.8913	43.1471	36.3051	41.5037	9175340
2008-02-08	41.3138	43.6578	40.3448	43.4548	5995840
2008-02-11	45.7988	49.1052	44.9149	48.1755	7157672
2008-02-12	49.1052	51.0760	46.0476	46.6827	6011328
2008-02-13	51.4426	52.6932	49.3213	52.4575	6505807
2008-02-14	54.6574	56.2746	52.0973	52.8175	7170963
2008-02-15	51.9206	52.6408	50.0873	52.0122	3470054
2008-02-19	53.5050	53.9372	49.1969	49.7403	4579836
2008-02-20	46.6369	48.1951	45.6547	47.7826	6885871
2008-02-21	47.9463	48.2278	45.3405	45.6155	3887306
2008-02-22	45.4976	46.5910	43.9001	45.5042	2989447
2008-02-25	44.8494	46.5910	44.1096	45.3077	2956023
2008-02-26	45.1768	47.1737	42.6168	46.2702	5202296
2008-02-27	44.9738	47.0755	44.1947	44.9083	2815685
2008-02-28	44.9214	45.8446	43.2649	43.3304	2602211
2008-02-29	43.0947	44.4828	42.0144	43.0292	2854890
2008-03-03	42.3745	44.2602	41.9489	43.5923	2506567
2008-03-04	43.9459	44.8494	42.6102	43.4679	2157395
2008-03-05	43.9983	46.5255	43.5792	45.8512	2555950
2008-03-06	46.2898	46.4338	41.5496	41.5954	2608668
2008-03-07	40.3383	41.3662	38.3217	39.2842	3160529
2008-03-10	38.8717	40.0712	36.5146	36.7372	3506520
2008-03-11	38.3152	41.0323	37.0842	39.0419	3674651
2008-03-12	41.1632	41.8245	39.5395	40.8555	3305480
2008-03-13	39.9389	42.6888	38.1056	42.1257	3187793
2008-03-14	42.7608	42.8721	38.7473	39.7948	2596388
2008-03-17	37.4182	38.9044	34.8189	35.9777	3674536
2008-03-18	37.0384	39.9758	36.6652	39.7752	2939290
2008-03-19	40.2532	41.2156	37.6670	37.7586	2828656
2008-03-20	38.1449	40.5085	37.4509	39.9585	2537209
2008-03-24	40.5936	45.1441	40.1681	44.6792	2906602
2008-03-25	44.5417	47.9070	43.8804	46.9773	4117039
2008-03-26	47.2261	47.5993	45.8315	46.9380	2563592
2008-03-27	48.3195	50.9516	47.6975	47.9332	4306328
2008-03-28	49.2492	50.9385	47.5207	48.2082	2938645
2008-03-31	47.8612	49.8320	47.5666	48.7844	2239109
2008-04-01	50.3296	51.9860	49.1445	50.6176	3089261
2008-04-02	51.5997	53.8520	51.2331	53.5639	4025890
2008-04-03	53.6491	55.9537	52.1628	53.6949	3501373
2008-04-04	53.8979	59.7119	53.7997	59.1881	6129823
2008-04-07	61.4732	61.7678	55.2663	56.5954	4617696
2008-04-08	55.8817	59.3125	55.0044	58.8935	3241240
2008-04-09	59.7447	60.5369	57.8787	58.5465	2744361
2008-04-10	57.5186	58.9066	55.7932	57.0864	2956982
2008-04-11	55.6526	59.6006	55.4561	57.4596	3679435
2008-04-14	56.9162	59.6530	56.7722	57.3418	2208971
2008-04-15	59.0245	61.9969	57.2632	61.8202	4099210
2008-04-16	62.7303	65.4867	62.3178	65.1986	6585181
2008-04-17	61.8267	64.6879	55.1026	56.8311	12353842
2008-04-18	58.4679	61.7612	56.6216	58.4876	5906971
2008-04-21	60.3667	61.4404	58.8674	61.2178	2867785
2008-04-22	62.2654	62.3309	58.1864	58.8542	3465957
2008-04-23	59.9738	60.7857	58.3828	58.7888	2934353
2008-04-24	59.3715	59.5744	54.8341	57.8525	2304449
2008-04-25	57.6168	58.1864	55.5936	56.4972	2535744
2008-04-28	56.5037	58.2322	56.1632	57.0602	1442937
2008-04-29	56.4972	57.3942	54.0157	57.2632	2152848
2008-04-30	58.5661	59.9083	55.6264	57.1388	3004064
2008-05-01	56.9620	57.2763	52.4902	53.8848	3870197
2008-05-02	54.6835	54.9978	52.7717	53.7538	2538519
2008-05-05	53.7473	53.9110	51.0367	52.4444	2503842
2008-05-06	52.0842	56.6281	51.4230	55.9145	3417131
2008-05-07	56.4448	56.7656	53.9961	54.6377	2129129
2008-05-08	54.4151	54.8014	52.7586	54.7883	1712872
2008-05-09	54.1205	55.5412	53.0991	53.8848	1844852
2008-05-12	54.9978	55.6984	52.7717	55.2597	1871104
2008-05-13	56.6936	58.6578	55.4889	58.2715	4000927
2008-05-14	59.9083	63.1035	59.1227	60.4714	4376611
2008-05-15	60.8905	62.6582	59.0179	60.5500	2321547
2008-05-16	60.8970	61.5714	60.0393	61.2178	1701000
2008-05-19	61.1851	63.3326	57.8328	58.6774	3316808
2008-05-20	58.5923	58.7429	56.5168	57.8590	2792923
2008-05-21	58.4876	58.6185	54.7752	55.8686	2146133
2008-05-22	56.3073	56.9555	53.9175	54.1074	1930968
2008-05-23	54.6574	56.2876	54.1794	55.7770	1767143
2008-05-27	55.4365	55.5412	52.1563	54.0288	2778755
2008-05-28	53.5639	55.1484	51.5146	54.3431	2804125
2008-05-29	52.2479	52.3789	49.1903	49.7599	4229752
2008-05-30	52.3789	54.4413	52.1825	53.5836	4377592
2008-06-02	53.0729	54.3431	50.2575	52.2807	3171815
2008-06-03	51.8551	53.1973	50.4671	51.8485	2973509
2008-06-04	51.3902	52.2283	50.3688	51.4099	2637993
2008-06-05	51.8944	53.5247	51.5605	52.1759	2502463
2008-06-06	51.9271	54.8538	51.6587	51.9402	2542689
2008-06-09	52.4116	52.5949	49.0267	50.2052	2151532
2008-06-10	48.9415	49.4260	47.4749	48.2933	4052640
2008-06-11	48.3195	49.6879	47.9005	48.1100	2546438
2008-06-12	48.8368	49.8974	47.0231	47.6779	2462984
2008-06-13	47.8023	51.0629	47.7302	50.9057	1878177
2008-06-16	53.2300	55.2466	52.8175	54.6508	3743920
2008-06-17	54.9847	55.3907	53.2167	53.6687	2519656
2008-06-18	53.0205	55.5412	52.0188	55.2008	3468901
2008-06-19	54.9978	56.0061	54.2187	54.9520	2147417
2008-06-20	54.4675	55.0109	52.1235	53.2693	2714926
2008-06-23	53.2955	55.6788	53.2955	54.1139	2225007
2008-06-24	54.2318	54.2318	52.1366	53.2890	1835653
2008-06-25	53.4330	53.7997	51.4426	53.0336	1805303
2008-06-26	51.9206	52.3003	49.6945	49.8582	2393915
2008-06-27	48.7451	48.9238	46.3291	47.6058	4435371
2008-06-30	47.8481	49.0135	46.5190	47.1279	2283211
2008-07-01	44.5089	44.8625	42.6626	43.6382	4908549
2008-07-02	43.5530	44.1750	41.1043	41.1305	2985717
2008-07-03	40.5151	42.5775	39.1205	42.1126	1839114
2008-07-07	41.5430	44.5155	40.6656	42.4400	2464858
2008-07-08	41.7132	42.2305	39.6705	41.5823	2414087
2008-07-09	43.0489	43.4614	39.8538	40.0895	2131959
2008-07-10	42.8852	46.7351	42.2305	45.8708	5167415
2008-07-11	45.6875	47.3309	44.3976	47.0297	4282268
2008-07-14	47.4749	48.8695	46.8136	48.3261	2252894
2008-07-15	47.7302	50.4671	46.4928	49.4457	3079801
2008-07-16	49.8909	53.3152	49.7665	52.4771	3049980
2008-07-17	51.2331	52.7062	47.6648	49.3147	5249242
2008-07-18	50.5784	50.8533	48.5880	50.2182	2664714
2008-07-21	51.0629	53.4919	50.1397	52.9812	2333742
2008-07-22	51.7372	52.8241	48.8434	50.9712	3149430
2008-07-23	50.2575	51.1545	49.4915	49.7141	2191254
2008-07-24	49.2427	50.2575	47.4749	47.5928	2113902
2008-07-25	47.2065	48.8368	46.9315	48.1165	1329386
2008-07-28	48.9350	49.7599	47.2785	47.2785	1283056
2008-07-29	48.6142	51.9795	47.6320	50.4998	3099305
2008-07-30	51.2658	52.9616	49.8778	52.6277	2460240
2008-07-31	52.3789	53.0336	50.8730	51.5735	1832953
2008-08-01	50.8402	51.4164	48.9153	50.0349	1465375
2008-08-04	48.9022	49.7534	47.8023	47.9660	2100287
2008-08-05	47.9791	49.1641	47.0886	48.6011	1516928
2008-08-06	48.1296	49.5962	47.4945	49.1707	1235415
2008-08-07	48.9284	49.9302	48.5749	49.9302	1333220
2008-08-08	49.7338	50.1790	47.6648	47.9856	2356655
2008-08-11	47.0166	50.1986	46.1589	49.5308	2714983
2008-08-12	50.0873	51.3640	48.3195	50.8992	2741520
2008-08-13	50.3426	52.0188	49.1641	51.4622	1537848
2008-08-14	50.9057	51.9729	50.4147	51.4426	1206234
2008-08-15	57.3811	62.1345	57.3352	60.5762	9889106
2008-08-18	60.5303	61.3684	57.1192	57.9245	3417020
2008-08-19	56.9948	59.4959	56.8835	58.9590	3440773
2008-08-20	58.6120	61.4993	58.6120	59.9542	2955212
2008-08-21	59.5810	63.2999	59.4173	61.8398	2875228
2008-08-22	62.3309	63.7647	61.4142	63.2409	1855120
2008-08-25	62.8612	63.4963	60.1015	60.8512	1893331
2008-08-26	60.5893	61.3815	59.4959	60.0327	1511605
2008-08-27	60.0327	61.8464	59.6530	61.1785	1969021
2008-08-28	62.7565	63.9022	62.1279	63.4832	2672123
2008-08-29	62.2065	64.4849	61.6172	63.8695	1468172
2008-09-02	62.3702	63.5094	59.0114	59.6726	2408555
2008-09-03	60.5565	60.5631	55.0698	55.5282	3412302
2008-09-04	55.5085	58.4025	54.3038	55.7901	2949825
2008-09-05	55.4365	56.6281	52.7062	56.1371	2710546
2008-09-08	57.8066	58.0096	53.1646	56.6936	2746833
2008-09-09	57.7281	57.7281	49.3606	49.4653	4811335
2008-09-10	49.7599	52.8503	49.5177	51.7307	2548056
2008-09-11	50.6635	53.3544	48.9742	52.5098	3488795
2008-09-12	51.7765	54.9323	51.4688	54.1401	2440881
2008-09-15	50.0611	50.7420	46.7678	47.4029	6162363
2008-09-16	45.8381	50.8141	42.6299	50.7420	5579670
2008-09-17	50.5063	52.2938	47.2458	49.3606	4379468
2008-09-18	49.5439	55.6460	49.4653	53.5181	3065149
2008-09-19	58.6120	70.0567	56.2353	58.6774	3526619
2008-09-22	57.4269	58.8411	55.9799	56.5757	1836119
2008-09-23	57.6757	61.4732	56.5168	57.2959	2958411
2008-09-24	61.5255	64.5570	60.5565	61.0869	3167057
2008-09-25	59.5941	64.3016	59.0114	62.0952	1755699
2008-09-26	58.7102	61.4928	54.0485	54.4479	3180881
2008-09-29	53.0205	53.0205	39.7687	39.7752	3741039
2008-09-30	45.8315	47.4029	42.2305	46.4404	2620819
2008-10-01	50.4147	51.7241	48.8499	50.5784	2260995
2008-10-02	50.9974	50.9974	44.2209	46.7023	1838737
2008-10-03	46.9053	50.4147	42.6233	44.2994	1785096
2008-10-06	41.3008	44.2143	34.0463	43.4352	3005970
2008-10-07	39.8145	40.0436	32.8612	34.0397	3988778
2008-10-08	32.0821	34.9629	28.1602	30.7791	4050864
2008-10-09	33.4832	36.0105	27.4989	27.9310	2631410
2008-10-10	25.6656	30.1113	24.2907	28.1602	3144768
2008-10-13	31.0803	34.2951	29.9083	34.0463	2021580
2008-10-14	36.2461	36.3379	32.2654	32.5600	2602998
2008-10-15	31.0279	31.4273	26.5299	26.8049	2898677
2008-10-16	28.8280	33.3915	26.1894	33.3850	5103807
2008-10-17	29.2536	33.9808	28.9393	30.6809	4257252
2008-10-20	32.0101	35.3557	30.9363	35.3557	2225801
2008-10-21	34.2754	35.6831	32.1017	32.1541	1298565
2008-10-22	31.2964	31.3880	27.3941	28.2388	2012558
2008-10-23	29.1292	29.1292	25.5674	28.0882	2935981
2008-10-24	24.4871	27.2370	22.2610	26.0585	2308007
2008-10-27	25.0306	25.8948	22.6670	22.7062	1701658
2008-10-28	24.0484	24.2187	19.2034	21.8878	3406799
2008-10-29	22.0188	26.0443	22.0188	24.6639	3281607
2008-10-30	26.8442	27.4662	23.0598	25.5020	2711171
2008-10-31	24.7425	25.5740	23.4134	25.5740	2028622
2008-11-03	25.8621	29.4304	25.5674	28.8608	2886708
2008-11-04	30.6155	34.1903	30.6155	33.0642	3075647
2008-11-05	27.9245	27.9900	21.3837	21.5997	7611350
2008-11-06	22.1301	23.4788	21.3444	21.6194	3696490
2008-11-07	22.6539	23.0860	21.2789	22.1694	1972527
2008-11-10	23.0140	23.2235	20.9516	21.2986	1926247
2008-11-11	20.7944	21.1480	18.5618	18.8106	3319059
2008-11-12	18.0249	18.0707	15.9952	16.1851	3619974
2008-11-13	16.3029	18.4046	15.3994	18.4046	3941667
2008-11-14	17.4814	18.0707	16.1720	16.7351	1979034
2008-11-17	16.0410	18.6731	15.7530	18.2737	2077215
2008-11-18	17.2392	17.8481	16.3684	17.6779	1851354
2008-11-19	17.2523	17.7761	15.7202	15.8708	1747238
2008-11-20	15.3405	15.3405	12.1126	12.4400	2967431
2008-11-21	12.6953	13.9590	12.2632	13.4810	3282242
2008-11-24	14.8167	20.2248	14.7185	18.5028	5034813
2008-11-25	18.5683	20.0677	17.6190	20.0153	2408401
2008-11-26	19.6355	23.0467	19.0201	22.2676	2804815
2008-11-28	22.1825	23.1776	21.5212	22.7390	970933
2008-12-01	20.4932	21.4753	18.6207	18.7385	1968232
2008-12-02	19.9694	19.9694	18.9219	19.7534	1874396
2008-12-03	19.1445	22.8044	18.5618	22.5229	2683324
2008-12-04	22.1759	22.8961	19.3082	19.6879	2155322
2008-12-05	19.5439	21.4099	18.6993	21.4099	1481901
2008-12-08	22.7717	24.0943	22.3789	22.8437	1626537
2008-12-09	22.1563	22.5360	20.0349	20.1921	1615408
2008-12-10	20.3296	21.9009	20.0677	20.9581	1732279
2008-12-11	20.6897	22.3910	20.2117	20.6045	1683835
2008-12-12	19.6486	21.8092	19.3474	21.5212	1948267
2008-12-15	21.7700	22.0080	19.7835	19.9956	827670
2008-12-16	20.7879	21.2724	19.8974	21.1152	1213092
2008-12-17	20.7551	24.3038	20.4932	24.1074	2263221
2008-12-18	24.5526	25.3252	22.3985	22.7128	2406901
2008-12-19	22.8176	23.4330	21.8682	22.9158	1348031
2008-12-22	23.2235	23.2235	20.6700	22.2545	846432
2008-12-23	22.8437	23.2104	22.1301	22.3461	1085138
2008-12-24	22.6866	22.6866	22.0515	22.4640	202153
2008-12-26	22.2610	23.2759	22.2152	23.1646	385647
2008-12-29	23.2431	23.8979	22.4836	23.1515	915218
2008-12-30	23.5247	23.8979	22.4836	23.7931	1334640
2008-12-31	24.0288	24.6639	23.6556	24.2252	824391
2009-01-02	24.3496	27.6561	24.2318	27.1061	1291001
2009-01-05	27.1584	30.3143	26.5888	29.5613	1639600
2009-01-06	29.1096	29.1096	26.3793	27.6561	1902720
2009-01-07	27.0471	27.0733	24.0179	24.9258	1759872
2009-01-08	25.4692	27.4924	24.9389	25.9603	2301667
2009-01-09	26.8376	26.9882	25.2073	25.3121	2332244
2009-01-12	25.5347	25.5347	21.9926	22.8437	2707801
2009-01-13	22.4247	22.8856	21.6979	22.7979	1368280
2009-01-14	21.9337	22.5557	19.8974	20.1397	2153128
2009-01-15	20.7093	22.3854	20.0349	21.5408	2080920
2009-01-16	21.9075	22.6211	20.4605	22.0122	1856195
2009-01-20	22.0515	22.0515	20.0768	20.1986	1526064
2009-01-21	21.1152	21.4623	20.2183	21.2789	1217162
2009-01-22	20.4801	21.3182	18.5290	19.0986	2619194
2009-01-23	19.0135	20.2706	18.2671	19.8123	2273438
2009-01-26	20.4998	20.8599	18.6862	18.8564	2001674
2009-01-27	18.5356	19.6683	18.0380	19.3474	2244412
2009-01-28	19.6748	20.8141	19.3474	19.9564	1985785
2009-01-29	19.5046	19.6355	18.4701	18.7778	2161419
2009-01-30	21.1676	23.1056	20.0807	21.9729	8236841
2009-02-02	21.9140	21.9140	20.2379	20.8730	2465107
2009-02-03	21.1152	22.0973	20.8403	21.3902	1688915
2009-02-04	22.1628	23.6949	21.8093	22.8437	2441664
2009-02-05	22.8110	23.5705	22.2938	23.1122	1852831
2009-02-06	23.0467	23.9961	22.9812	23.3675	1423475
2009-02-09	23.3086	24.1990	22.9550	23.5312	1402113
2009-02-10	23.5705	24.9913	22.9289	23.0140	1959264
2009-02-11	23.1187	23.7996	21.6456	22.7193	1529155
2009-02-12	21.9337	22.8110	21.5343	22.4378	1495598
2009-02-13	22.8896	23.6032	22.5884	22.9158	1524945
2009-02-17	22.7521	22.8110	20.9646	21.0236	1849752
2009-02-18	20.9974	22.0646	20.7617	21.0498	1593725
2009-02-19	21.9337	22.8044	21.0367	21.0367	3409444
2009-02-20	20.4605	20.9385	19.9760	20.2444	1893744
2009-02-23	20.6307	21.0629	19.3933	19.5635	1489244
2009-02-24	20.3950	21.7700	19.7992	21.6521	2210078
2009-02-25	19.8058	20.4212	19.5766	19.9171	2715644
2009-02-26	20.8861	20.9319	19.1183	19.3605	2103167
2009-02-27	18.7254	19.1183	18.1427	18.2606	1894726
2009-03-02	18.0118	18.2279	16.4928	16.6172	1653707
2009-03-03	17.0428	17.5469	15.9886	16.8987	1936612
2009-03-04	17.8088	18.1034	17.3505	17.3832	1399934
2009-03-05	16.9839	17.0690	15.4387	15.6351	2416137
2009-03-06	16.2374	16.3291	14.6464	15.3143	1663446
2009-03-09	15.3077	15.3143	14.2667	14.5155	2018039
2009-03-10	15.0066	17.1999	14.8756	16.7351	2253090
2009-03-11	16.3684	16.4731	13.8804	15.7464	4883923
2009-03-12	14.7054	15.4583	14.1947	15.1244	3304445
2009-03-13	14.6203	16.1065	14.5482	15.9625	1999784
2009-03-16	15.6809	16.2309	15.0066	15.2619	2404777
2009-03-17	14.2405	14.3715	12.8983	13.6905	3847399
2009-03-18	13.9393	14.3387	13.7167	14.1750	2445491
2009-03-19	14.5810	16.0541	14.5155	15.9559	2970007
2009-03-20	16.4928	16.4928	14.6399	14.7119	2297139
2009-03-23	15.3372	16.2702	15.2553	16.2374	1520283
2009-03-24	15.7202	15.9625	15.0196	15.6809	1701539
2009-03-25	15.6744	16.4338	15.1244	15.7399	1700776
2009-03-26	16.3553	19.4653	16.3095	17.4684	5781784
2009-03-27	16.9577	17.3832	16.0607	16.5648	3233545
2009-03-30	15.7791	16.2309	15.0720	15.5958	2291947
2009-03-31	15.3601	16.5648	14.8036	15.5696	2908466
2009-04-01	15.9886	16.2113	15.1833	16.1000	2494753
2009-04-02	16.5648	17.4880	16.4666	16.7351	2569184
2009-04-03	16.4339	16.6630	15.5893	16.1523	1911012
2009-04-06	15.9821	16.5845	15.5500	16.1196	1586419
2009-04-07	15.7399	15.9494	14.9869	15.0393	1507702
2009-04-08	15.1375	15.6154	14.9403	15.3208	1345615
2009-04-09	15.7137	17.0886	15.6547	17.0493	2254973
2009-04-13	16.4470	16.7940	16.1654	16.6041	1248779
2009-04-14	16.5124	17.6844	16.4208	17.3571	1975244
2009-04-15	17.7106	18.3850	16.7154	17.1934	2212337
2009-04-16	17.9791	17.9791	17.0362	17.3440	1420403
2009-04-17	17.3309	17.3898	16.8333	17.3178	1719609
2009-04-20	17.1999	17.2523	15.8643	15.8643	1678302
2009-04-21	15.8446	16.8132	15.6809	16.5648	1713743
2009-04-22	16.9511	19.2427	16.4339	17.8743	3144372
2009-04-23	18.2279	18.4308	16.9380	16.9773	3253739
2009-04-24	15.9625	17.3505	15.7791	16.6368	3968765
2009-04-27	16.0672	16.3357	15.4059	15.7399	2459687
2009-04-28	14.6857	15.1048	14.4697	14.8036	4959347
2009-04-29	15.2881	16.5583	15.0589	16.4011	11973097
2009-04-30	17.5928	19.0921	17.3505	17.9267	5627889
2009-05-01	18.0707	18.3195	17.2588	17.4946	1809774
2009-05-04	17.5535	20.2968	17.5535	19.7599	4244114
2009-05-05	19.7141	19.7272	18.2540	18.6600	2821983
2009-05-06	19.2951	19.8058	18.7778	19.0986	3149386
2009-05-07	19.5242	20.2379	18.3064	18.5618	2246772
2009-05-08	19.3671	19.4326	18.1689	18.9873	2179732
2009-05-11	18.4570	18.6272	17.8743	18.1296	1605946
2009-05-12	18.5880	18.6600	17.3571	17.8416	2087132
2009-05-13	17.3505	17.4618	16.3422	16.5648	2830445
2009-05-14	16.4601	16.7285	15.9952	16.5059	2179101
2009-05-15	16.7940	17.0297	16.1654	16.4011	1800682
2009-05-18	16.1982	17.3440	15.9101	17.2392	2583916
2009-05-19	17.1672	18.4570	17.1531	18.1886	2621285
2009-05-20	18.4701	19.3147	18.1689	18.5749	3426624
2009-05-21	18.4570	18.4570	17.5469	17.7303	1337204
2009-05-22	18.3130	18.3130	17.3112	17.4160	892046
2009-05-26	17.0035	17.7712	16.9061	17.7172	1933197
2009-05-27	17.7433	19.0332	17.6451	18.4374	2651514
2009-05-28	18.8237	18.8511	17.6517	18.1886	2116005
2009-05-29	18.5618	19.1314	18.2737	19.0070	1924282
2009-06-01	19.5439	19.7730	19.3409	19.4849	2641546
2009-06-02	19.5831	20.0022	19.1117	19.6879	2586880
2009-06-03	19.7206	19.7403	18.2671	18.7124	2442396
2009-06-04	18.9284	19.7272	18.7582	19.6028	2223391
2009-06-05	20.2379	21.3968	19.5766	20.6700	4727461
2009-06-08	20.5587	20.5849	18.7647	19.5701	4680728
2009-06-09	19.9367	20.5653	19.7010	20.0022	2839316
2009-06-10	20.4998	21.2920	20.4671	21.0956	2969467
2009-06-11	21.1873	21.3640	20.5522	21.1742	2326342
2009-06-12	20.8141	20.9188	20.3950	20.8861	1770351
2009-06-15	20.8599	20.9646	19.7403	19.8385	2720745
2009-06-16	19.9367	20.5260	18.8433	18.9873	3363125
2009-06-17	18.9611	19.0004	17.9201	18.3392	2505028
2009-06-18	18.2082	18.6011	17.6844	18.3784	2291564
2009-06-19	19.3605	19.5111	18.5225	18.6534	3878524
2009-06-22	18.6207	18.6534	17.1606	17.5142	3510569
2009-06-23	17.9070	17.9660	17.0362	17.5928	2426624
2009-06-24	17.9529	18.2409	17.5273	17.8088	3218091
2009-06-25	17.7433	17.9725	17.1868	17.2785	4049402
2009-06-26	17.7499	17.8808	17.1541	17.5535	5735352
2009-06-29	17.9332	17.9332	17.0231	17.1999	2913576
2009-06-30	17.5273	17.6124	17.1541	17.4225	2058603
2009-07-01	17.6648	17.8612	17.5666	17.7172	2169223
2009-07-02	17.6582	17.7983	17.1541	17.1737	2096507
2009-07-06	16.8660	16.8726	15.5827	16.0476	3127965
2009-07-07	15.9587	16.3226	15.6024	15.6613	2226037
2009-07-08	15.7071	15.7071	14.7446	15.2030	2818779
2009-07-09	15.5500	15.7530	15.0851	15.3470	2467962
2009-07-10	15.4780	15.4976	14.4762	14.6334	2589403
2009-07-13	14.8298	15.2030	14.4959	15.1571	1769918
2009-07-14	15.0196	15.0196	14.5155	14.8887	3430222
2009-07-15	15.0327	15.5172	15.0262	15.5107	2108054
2009-07-16	15.4976	15.7857	15.2226	15.4583	1542993
2009-07-17	15.3797	15.5893	15.1048	15.2488	1363409
2009-07-20	15.4190	15.4910	14.8494	15.1113	1917402
2009-07-21	15.3601	16.1720	15.2619	15.7726	3501431
2009-07-22	15.6809	15.8773	15.2881	15.7333	2785421
2009-07-23	15.7988	16.7612	15.6744	16.2702	4718156
2009-07-24	19.4457	21.2527	19.4064	20.9777	14454103
2009-07-27	20.6176	20.6176	19.3147	20.1593	6328571
2009-07-28	19.6486	20.8926	19.5111	20.5260	4522794
2009-07-29	20.0153	20.6831	19.8385	20.4867	3284455
2009-07-30	20.9057	22.2610	20.8206	21.9009	4626752
2009-07-31	20.9581	21.4426	20.6739	21.0825	2819942
2009-08-03	21.1349	21.5995	20.8075	21.2789	2262619
2009-08-04	20.9254	21.8682	20.9254	21.1742	3337120
2009-08-05	21.6194	21.6194	20.1331	20.3230	2683718
2009-08-06	20.7486	20.8533	19.8058	19.9302	1713758
2009-08-07	20.1659	20.2575	19.5439	20.0938	1852012
2009-08-10	19.8319	20.4278	19.7534	20.2313	1465787
2009-08-11	20.0415	20.4539	19.6421	19.7141	1335700
2009-08-12	19.1576	19.3147	18.7653	18.8302	2651334
2009-08-13	18.9873	18.9873	18.3392	18.5421	1824871
2009-08-14	18.9873	18.9873	18.0052	18.1034	1980885
2009-08-17	17.5535	17.6713	17.1868	17.3963	1610503
2009-08-18	17.6910	17.9725	17.3832	17.4946	1644506
2009-08-19	17.1541	17.4160	16.8594	17.3047	1878537
2009-08-20	17.6190	17.7630	17.3963	17.4487	2146382
2009-08-21	17.6517	17.7106	17.1083	17.1868	2052048
2009-08-24	17.2916	17.8939	17.2458	17.5142	1871545
2009-08-25	17.3374	17.4684	17.0690	17.1541	1790529
2009-08-26	17.0690	17.3047	16.7252	16.8856	1343084
2009-08-27	16.7547	16.9904	16.4993	16.9773	1446705
2009-08-28	16.9577	17.3701	16.9249	17.1148	804548
2009-08-31	16.7220	16.9184	16.4666	16.5976	1033955
2009-09-01	16.4208	16.7089	15.7268	15.8381	1709032
2009-09-02	15.8119	16.0934	15.5041	15.8708	1619878
2009-09-03	16.0476	16.9708	15.8184	16.8856	2147669
2009-09-04	17.0035	17.0755	16.4404	17.0690	1069209
2009-09-08	17.3309	17.9398	17.1541	17.8612	2063776
2009-09-09	17.9987	18.8237	17.5928	17.8808	2978259
2009-09-10	17.8546	18.3915	17.8546	18.3326	1259599
2009-09-11	18.3653	19.2492	18.3653	19.0856	2869473
2009-09-14	18.7254	19.4587	18.2475	19.3736	2749312
2009-09-15	18.9481	20.2379	18.9481	20.1593	2400897
2009-09-16	20.2051	20.8206	19.8516	20.6045	1825745
2009-09-17	20.7617	21.4753	20.5522	21.1676	2584104
2009-09-18	21.1676	21.7372	21.0329	21.6652	1605719
2009-09-21	21.1611	21.3968	20.8206	21.2069	1739758
2009-09-22	21.6063	22.0843	21.1873	21.2986	1972939
2009-09-23	21.2789	21.2789	20.5194	20.6242	1415425
2009-09-24	20.5653	20.7185	19.4260	19.4326	2210168
2009-09-25	19.1576	20.0742	19.1183	19.9891	1478906
2009-09-28	19.7665	19.9662	19.3736	19.8189	2297642
2009-09-29	19.6421	20.3754	19.6159	19.9302	1866030
2009-09-30	20.0218	20.2968	19.4849	19.5701	1584215
2009-10-01	19.4784	19.5308	18.4963	18.6403	1869356
2009-10-02	18.6469	18.9808	17.9921	18.0249	2097009
2009-10-05	18.0183	18.5225	17.8874	18.3261	1447977
2009-10-06	18.9153	19.2098	18.3064	18.8171	1773092
2009-10-07	18.9939	19.6159	18.8695	19.5046	1128483
2009-10-08	19.7861	20.4081	19.5897	20.1004	1662166
2009-10-09	20.1986	20.7813	19.8909	20.6176	1444688
2009-10-12	20.8795	21.5932	20.8468	21.4884	2480391
2009-10-13	21.2789	21.4884	20.7224	21.3117	1196480
2009-10-14	21.4753	21.5997	20.7486	21.2396	2026864
2009-10-15	21.5801	21.5932	20.7617	21.2331	2548880
2009-10-16	20.9516	21.0596	20.5718	20.6897	1226501
2009-10-19	20.9516	22.2414	20.7879	22.0646	2916596
2009-10-20	21.7176	22.1301	20.9843	21.7438	2363338
2009-10-21	21.5212	22.0253	21.1021	21.1873	2037010
2009-10-22	21.3968	21.9860	20.6897	21.8027	3150480
2009-10-23	19.4064	19.8712	18.4046	18.5618	7551003
2009-10-26	18.5487	18.9022	17.6779	17.7237	3349297
2009-10-27	18.2148	18.3850	17.4193	17.5338	2568541
2009-10-28	17.5666	17.5928	16.6958	16.7547	2139261
2009-10-29	16.7547	17.1934	16.5452	16.7023	2460579
2009-10-30	16.8660	16.9184	16.1327	16.2440	2118448
2009-11-02	16.5648	16.8070	15.9821	16.2047	1787130
2009-11-03	16.0541	16.7612	15.9166	16.5976	1796803
2009-11-04	16.8660	17.3440	16.4601	16.5714	2184054
2009-11-05	17.0755	17.5404	17.0362	17.4487	2147336
2009-11-06	17.1737	17.4814	17.0231	17.4160	1699257
2009-11-09	17.8350	18.0969	17.6779	17.9725	1766062
2009-11-10	17.8874	18.1493	17.6713	17.8023	1672956
2009-11-11	18.0707	18.0838	17.7368	17.8743	785309
2009-11-12	17.6975	17.8088	16.7809	16.8398	2148536
2009-11-13	17.0035	17.3243	16.5517	17.2981	2601830
2009-11-16	17.3636	18.0314	17.3636	17.8285	1740415
2009-11-17	14.9083	15.0393	14.1881	14.5286	18321044
2009-11-18	14.7054	14.7447	14.3371	14.4566	5179572
2009-11-19	14.4697	14.5090	13.7953	14.0506	4042747
2009-11-20	14.0441	14.3125	13.8805	14.0637	2161907
2009-11-23	14.2274	14.4500	13.7036	13.7887	2762243
2009-11-24	13.7887	13.9459	13.5530	13.6840	1761847
2009-11-25	13.8411	13.8804	13.5399	13.6185	1359432
2009-11-27	13.1144	13.3632	13.0947	13.1275	1150450
2009-11-30	13.2126	13.5792	13.1473	13.5334	2125969
2009-12-01	14.2994	14.3911	13.9786	14.1554	3347743
2009-12-02	14.2863	14.2863	13.9001	14.0965	2327106
2009-12-03	14.3453	14.8625	14.0768	14.7381	3491547
2009-12-04	14.9411	15.1702	14.2405	14.6072	3421916
2009-12-07	15.0589	16.1131	15.0196	16.0083	4723884
2009-12-08	15.6089	15.8184	15.3470	15.3601	3567002
2009-12-09	15.4910	15.6416	15.1964	15.2946	1467308
2009-12-10	15.3077	15.4125	14.8167	14.8429	1933056
2009-12-11	14.9934	15.3797	14.7708	14.9018	1986869
2009-12-14	15.1375	15.3077	14.7970	15.1833	1607406
2009-12-15	15.5238	16.1065	15.3994	15.7922	3056033
2009-12-16	15.9756	16.2767	15.7202	15.8446	2270511
2009-12-17	15.9494	16.3029	15.6220	15.9166	2138325
2009-12-18	15.9756	16.2240	15.6220	15.9821	2175779
2009-12-21	16.0607	16.2178	15.8119	16.0476	1514223
2009-12-22	16.1982	16.3357	15.8315	15.9101	1115372
2009-12-23	15.9625	16.0279	15.6809	15.9166	845116
2009-12-24	16.0410	16.1196	15.8184	15.9166	221138
2009-12-28	15.8643	16.0279	15.8119	15.8839	882885
2009-12-29	15.9690	16.0410	15.5762	15.7202	1047941
2009-12-30	15.6154	15.6744	15.4518	15.6547	1391723
2009-12-31	15.6154	15.6940	15.4256	15.5041	701636
2010-01-04	15.7202	15.7791	15.3863	15.6809	1411020
2010-01-05	15.6154	16.3029	15.6024	16.2702	2057152
2010-01-06	16.3029	16.8856	16.2767	16.8726	2173985
2010-01-07	16.8660	16.9904	16.6303	16.9249	2010864
2010-01-08	16.7416	16.8791	16.4339	16.5517	1898811
2010-01-11	17.1213	17.2523	16.7383	16.8791	2216137
2010-01-12	16.7351	16.7874	16.3749	16.5190	1784706
2010-01-13	16.4928	16.6958	16.1720	16.3815	1243311
2010-01-14	16.3422	16.5648	15.5172	15.6547	3205965
2010-01-15	15.7464	15.7660	15.2619	15.4649	2161548
2010-01-19	15.3143	15.4125	14.9771	15.0851	2052048
2010-01-20	14.8756	14.8952	14.4238	14.4435	3176004
2010-01-21	14.5810	14.9607	14.3715	14.3911	3810708
2010-01-22	14.4697	14.4762	13.7560	13.8084	3296334
2010-01-25	13.9524	14.4304	13.5858	13.6447	3380538
2010-01-26	14.1227	14.7512	13.9852	14.1881	4915476
2010-01-27	14.3584	14.3715	13.4352	13.6381	3140086
2010-01-28	14.0637	14.1554	13.5991	13.7102	1974143
2010-01-29	13.8804	14.1357	13.3370	13.3501	1728678
2010-02-01	13.5268	13.7953	13.4352	13.7953	1424511
2010-02-02	13.9328	13.9328	13.4221	13.7364	2450285
2010-02-03	13.6905	13.9786	13.6840	13.8935	1326206
2010-02-04	13.5596	13.7167	12.8394	12.8394	2289842
2010-02-05	13.0161	13.0718	12.3876	12.8656	2435320
2010-02-08	12.7870	12.8066	12.4531	12.4596	1501433
2010-02-09	12.6888	12.8656	12.5382	12.8001	1371722
2010-02-10	12.9114	12.9114	12.3876	12.5120	1543792
2010-02-11	12.7739	13.3108	12.6364	13.2388	3076579
2010-02-12	13.2257	13.2257	12.6561	12.8918	3883293
2010-02-16	13.1864	13.4483	13.1078	13.2715	2999701
2010-02-17	13.3828	13.4679	13.0292	13.1929	2612676
2010-02-18	13.0423	13.3468	13.0423	13.2191	1859055
2010-02-19	12.9441	13.1275	12.8852	12.9572	1989077
2010-02-22	12.9572	13.2715	12.7674	12.9114	3445523
2010-02-23	12.8525	12.8983	12.4727	12.5251	2281280
2010-02-24	12.5971	12.7084	12.1846	12.2632	1966514
2010-02-25	12.1126	12.2305	11.6680	12.1519	2778094
2010-02-26	12.5709	12.5709	12.1519	12.2763	1901460
2010-03-01	12.2959	12.4793	12.2108	12.4727	1856430
2010-03-02	12.4269	12.7412	12.4269	12.5709	2392284
2010-03-03	12.7674	13.1275	12.6822	12.9703	2397691
2010-03-04	13.2191	13.3566	13.1275	13.2781	2731558
2010-03-05	13.2911	13.4745	13.1602	13.3697	2565540
2010-03-08	13.3239	13.4810	13.2781	13.3959	1640332
2010-03-09	13.3304	13.4417	13.0947	13.1667	930997
2010-03-10	13.2715	13.8477	13.2715	13.7691	1694359
2010-03-11	13.8411	14.0965	13.6054	13.9001	1469028
2010-03-12	13.9852	14.2078	13.8280	14.0114	1285424
2010-03-15	13.9721	14.1292	13.5170	13.6971	1294091
2010-03-16	13.6251	13.9066	13.5268	13.9066	1211793
2010-03-17	14.0768	14.4304	14.0179	14.3387	3299102
2010-03-18	14.4173	14.5286	14.1161	14.4304	2531694
2010-03-19	13.1537	13.2060	12.1912	12.4138	11226373
2010-03-22	12.3352	12.3352	11.8507	11.9227	4675297
2010-03-23	12.0079	12.2959	11.9620	12.0930	2740205
2010-03-24	12.0341	12.2828	11.9885	12.1126	1943372
2010-03-25	12.2632	12.4858	11.7721	11.7983	3591962
2010-03-26	11.8376	12.1454	11.8180	11.9293	3684627
2010-03-29	12.0341	12.4400	12.0341	12.3221	2655540
2010-03-30	12.4269	12.6168	12.3090	12.5906	2858133
2010-03-31	12.5840	12.6119	12.2501	12.2894	1722492
2010-04-01	12.4662	12.6511	12.2828	12.4465	1878552
2010-04-05	12.5382	12.5578	12.4072	12.4924	848374
2010-04-06	12.2894	12.4073	12.2305	12.3156	1495139
2010-04-07	12.5513	12.6757	12.3287	12.6299	1907876
2010-04-08	12.4138	12.5873	12.1519	12.1519	2803228
2010-04-09	12.2436	12.3025	11.8835	11.9031	2590403
2010-04-12	11.8965	12.0995	11.8704	11.9948	2040870
2010-04-13	12.0341	12.0667	11.8638	11.8835	1620246
2010-04-14	12.0209	12.0471	11.7656	11.9555	3325717
2010-04-15	12.0341	12.2567	11.8900	12.2239	4652144
2010-04-16	12.1126	12.1454	11.7394	11.9751	3906597
2010-04-19	11.8965	11.9489	11.6216	11.8049	2016277
2010-04-20	11.8507	12.3811	11.8507	12.3811	3869988
2010-04-21	12.3745	12.3745	11.6870	11.7460	3033527
2010-04-22	11.6543	11.8245	11.4579	11.7067	2433184
2010-04-23	11.8311	11.9293	11.7198	11.9293	1276180
2010-04-26	11.9162	12.0602	11.6739	11.8311	2038899
2010-04-27	11.6608	11.8507	11.2926	11.3073	3081410
2010-04-28	11.3728	11.4251	10.6002	10.7246	4982061
2010-04-29	11.1502	11.2680	10.9275	11.1371	2898151
2010-04-30	11.1305	11.1894	10.8359	10.8686	1396354
2010-05-03	11.0323	11.1763	10.8621	11.0912	2290263
2010-05-04	10.8883	10.9079	10.4758	10.5347	2775331
2010-05-05	10.3383	10.5282	10.1484	10.4758	2988802
2010-05-06	10.2990	10.5151	9.1663	9.6574	3687475
2010-05-07	9.6705	9.8669	9.1990	9.3955	2824558
2010-05-10	9.9389	10.1157	9.7556	10.0109	3233562
2010-05-11	9.9094	10.3514	9.8865	10.0109	3278137
2010-05-12	9.4347	9.7883	9.1139	9.2842	7025102
2010-05-13	9.2842	9.4806	9.1532	9.2449	2505461
2010-05-14	9.1074	9.1336	8.4854	8.5443	4200708
2010-05-17	8.5770	8.6556	7.7914	7.9027	4992742
2010-05-18	8.0402	8.0794	7.5753	7.5949	4981312
2010-05-19	7.5884	7.5884	7.0122	7.3985	5934976
2010-05-20	7.1170	7.9354	6.9991	7.6932	6099550
2010-05-21	7.3658	7.7783	7.0384	7.3461	4627475
2010-05-24	7.2741	7.4705	7.1104	7.1497	2701113
2010-05-25	6.8551	7.1235	6.6194	7.0253	3413774
2010-05-26	7.1825	7.3389	6.9598	7.0712	6149573
2010-05-27	7.5884	8.6753	7.4640	8.6425	8866449
2010-05-28	8.7669	8.8586	8.3151	8.6622	6089175
2010-06-01	8.5705	8.8520	8.0009	8.0205	3732650
2010-06-02	8.3020	8.6098	7.9354	8.5836	4283459
2010-06-03	8.6753	8.7276	8.2759	8.5967	2725536
2010-06-04	8.3544	9.0485	8.3151	8.4396	4201051
2010-06-07	8.3282	8.3741	7.6146	7.7193	3203501
2010-06-08	7.8503	7.9223	7.4313	7.6015	2052029
2010-06-09	7.7783	7.9019	7.3723	7.4444	2363447
2010-06-10	7.6342	8.5050	7.6342	8.4134	3223790
2010-06-11	8.2824	8.7800	8.2251	8.7735	2118674
2010-06-14	8.9240	9.1663	8.7866	8.8455	2589636
2010-06-15	8.8586	9.4282	8.8586	9.3169	2611125
2010-06-16	9.2973	9.4017	9.1532	9.2056	2153580
2010-06-17	9.3300	9.8145	9.1598	9.6836	3324351
2010-06-18	9.6705	9.7294	9.3300	9.7294	2389074
2010-06-21	9.8996	10.0436	9.4347	9.5002	1580158
2010-06-22	9.4675	9.6705	9.3496	9.3627	1001471
2010-06-23	9.3496	9.5330	9.1008	9.2907	1260163
2010-06-24	9.2383	9.2645	8.7080	8.7604	1691002
2010-06-25	8.9175	8.9175	8.4985	8.6883	3636636
2010-06-28	8.6294	8.7996	8.4003	8.4134	1542836
2010-06-29	8.3151	8.3217	7.7848	7.8699	2474864
2010-06-30	7.8699	8.1974	7.8568	7.9223	1396920
2010-07-01	8.0336	8.3151	7.8568	8.2824	1954960
2010-07-02	8.3217	8.5967	8.2235	8.3872	1716374
2010-07-06	8.6818	8.8062	8.2759	8.3086	2041572
2010-07-07	8.3282	8.8062	8.3151	8.7800	2223555
2010-07-08	9.0943	9.2121	8.8193	9.1794	2377053
2010-07-09	9.1794	9.4282	9.0026	9.4216	2034139
2010-07-12	9.3365	9.4020	8.9174	9.0419	1803307
2010-07-13	9.1401	9.2842	8.9895	9.2776	2259504
2010-07-14	9.1729	9.6442	9.0812	9.4871	2850702
2010-07-15	9.4544	9.5068	8.9961	9.1532	2930541
2010-07-16	9.0812	9.2383	8.7866	8.8127	2097722
2010-07-19	8.7996	9.0223	8.6294	8.8258	1525159
2010-07-20	8.6883	8.8717	8.5967	8.7866	1805373
2010-07-21	8.8455	8.9372	8.4919	8.4985	1986437
2010-07-22	8.8258	9.2908	8.6818	9.2645	2976244
2010-07-23	9.3234	9.3365	8.6949	8.8062	2723100
2010-07-26	8.8520	8.9306	8.6949	8.7342	1862087
2010-07-27	8.9175	9.1139	8.6949	8.7276	2202655
2010-07-28	8.7342	8.7669	8.5116	8.5705	1535311
2010-07-29	8.7145	8.8913	8.2300	8.2890	2500621
2010-07-30	8.1580	8.2628	8.0205	8.1384	1583306
2010-08-02	8.3479	8.5443	8.2431	8.4919	1326303
2010-08-03	8.5312	8.6294	8.3151	8.3675	1186049
2010-08-04	8.4330	8.4919	8.2890	8.4396	859657
2010-08-05	8.3217	8.5050	8.3217	8.4461	1135952
2010-08-06	8.3479	8.4396	8.1907	8.3937	1400999
2010-08-09	8.4461	8.8324	8.4396	8.8258	1931345
2010-08-10	8.8848	8.9895	8.4134	8.4657	3035800
2010-08-11	8.8062	8.8389	8.0925	8.1122	5399531
2010-08-12	8.1515	8.2759	7.9812	8.1122	2068549
2010-08-13	8.0533	8.2169	7.8699	7.9027	1507581
2010-08-16	7.8372	7.8961	7.6015	7.6277	2499788
2010-08-17	7.6997	7.7783	7.5949	7.6408	1856353
2010-08-18	7.6146	7.8241	7.5164	7.5622	2316402
2010-08-19	7.4640	7.5229	7.2152	7.2479	2307468
2010-08-20	7.2283	7.2938	7.0319	7.1301	1396453
2010-08-23	7.1301	7.2152	6.8944	6.9009	1881837
2010-08-24	6.8747	6.8878	6.5539	6.6194	4189830
2010-08-25	6.5474	6.7962	6.2920	6.7110	4594054
2010-08-26	6.7700	6.9271	6.5343	6.5670	2939429
2010-08-27	6.8747	7.4247	6.8289	7.3461	7980812
2010-08-30	7.4836	7.4967	6.8944	6.8944	3258562
2010-08-31	6.8224	7.1399	6.7765	7.0646	2575543
2010-09-01	7.2414	7.3658	7.1890	7.2790	2316992
2010-09-02	7.2348	7.3822	7.1235	7.3265	1279941
2010-09-03	7.5491	7.6147	7.3723	7.5098	1803910
2010-09-07	7.4444	7.4967	7.3330	7.3920	1530413
2010-09-08	7.3723	7.6080	7.3527	7.5949	1795586
2010-09-09	7.6539	7.7914	7.4967	7.5949	1907093
2010-09-10	7.5687	7.9550	7.5687	7.9158	2419823
2010-09-13	7.9485	8.0991	7.7979	8.0729	2751897
2010-09-14	7.9550	8.2497	7.8896	8.1842	1951909
2010-09-15	8.0860	8.1776	7.9092	8.0991	1350559
2010-09-16	8.0533	8.2300	8.0336	8.0729	1138509
2010-09-17	8.1384	8.1515	7.8503	7.8765	1548219
2010-09-20	7.8765	8.2497	7.8437	8.1842	2263505
2010-09-21	8.1646	8.3544	8.1187	8.2497	1332698
2010-09-22	8.2431	8.3479	8.0925	8.2628	1377215
2010-09-23	8.0271	9.2514	7.9223	9.1139	7089135
2010-09-24	8.8913	9.1663	8.8782	9.1270	3515378
2010-09-27	9.0550	9.0877	8.8389	8.8520	2163795
2010-09-28	8.8848	9.0288	8.6163	8.9568	1577843
2010-09-29	8.9175	9.4871	8.8979	9.3627	3387736
2010-09-30	9.4937	9.6181	9.1794	9.4282	2303663
2010-10-01	9.5264	9.5330	9.0753	9.2056	1253454
2010-10-04	8.9764	9.1074	8.7080	8.8258	1709839
2010-10-05	9.1990	9.2056	8.8586	8.9502	2086730
2010-10-06	8.9240	9.0157	8.8520	8.8848	1502908
2010-10-07	8.9764	9.0681	8.8455	9.0223	1241392
2010-10-08	8.9306	9.0943	8.7538	9.0419	1807258
2010-10-11	9.0681	9.4413	9.0681	9.1663	2379052
2010-10-12	9.1663	9.5395	9.1663	9.3627	2172270
2010-10-13	9.4216	9.5330	9.3038	9.3234	1264745
2010-10-14	9.3431	9.9520	9.3431	9.5068	4011680
2010-10-15	9.6639	9.6639	9.1270	9.2449	2852604
2010-10-18	9.2514	9.5984	9.1729	9.2252	2121422
2010-10-19	9.0681	9.1008	8.7604	8.8389	2067901
2010-10-20	8.8979	9.0485	8.8062	8.8520	1462125
2010-10-21	8.8717	9.1074	8.7211	8.9437	1399156
2010-10-22	8.9961	9.0026	8.7866	8.7931	912491
2010-10-25	8.8127	9.1074	8.8127	8.9699	1135059
2010-10-26	8.8520	9.2580	8.8389	9.0092	1209708
2010-10-27	8.9175	9.1401	8.8455	9.0157	862374
2010-10-28	9.0681	9.2711	8.9044	9.0746	1292814
2010-10-29	8.9699	9.0170	8.8520	8.9044	1296381
2010-11-01	8.9044	8.9568	8.5509	8.6883	2329693
2010-11-02	8.7604	8.7866	8.6098	8.7800	1427774
2010-11-03	8.8062	8.9110	8.6556	8.8913	1123759
2010-11-04	9.0288	9.2383	8.9764	9.2383	2164488
2010-11-05	9.2645	9.5261	9.1860	9.3758	1696200
2010-11-08	9.3693	9.6770	9.3365	9.4216	1509585
2010-11-09	9.4675	9.5330	9.1729	9.1990	1528008
2010-11-10	9.1139	9.2645	8.9633	9.2514	2049553
2010-11-11	8.9699	9.3103	8.8782	9.2383	2200433
2010-11-12	9.5330	9.8276	8.8913	9.1467	7182831
2010-11-15	9.1860	9.3038	9.0092	9.2514	2049651
2010-11-16	9.1336	9.1925	8.7669	8.8389	3307202
2010-11-17	8.9044	8.9044	8.5901	8.7145	1981568
2010-11-18	8.8848	9.1598	8.5967	8.6425	2483082
2010-11-19	8.5050	8.5770	8.0074	8.0598	5942306
2010-11-22	8.0205	8.2300	7.9223	8.0467	2853841
2010-11-23	7.9223	8.0009	7.8110	7.9092	2882071
2010-11-24	7.9616	8.0467	7.8896	7.9681	1417109
2010-11-26	7.9027	7.9485	7.7128	7.8110	768143
2010-11-29	8.0533	8.0860	7.7193	7.8241	3130961
2010-11-30	7.7914	7.7979	7.6211	7.6277	2445858
2010-12-01	7.8241	7.9681	7.7717	7.8961	2136688
2010-12-02	7.9288	8.1776	7.9288	8.1646	1779432
2010-12-03	8.0860	8.4592	8.0336	8.4526	2024266
2010-12-06	8.3872	8.4526	8.2628	8.4085	1397084
2010-12-07	8.5116	8.5443	8.1973	8.2562	1903332
2010-12-08	8.3479	8.4396	8.2235	8.4199	1534798
2010-12-09	8.5378	8.5574	8.3544	8.4396	1390119
2010-12-10	8.5247	9.1401	8.4854	9.0223	4972090
2010-12-13	8.9895	9.1008	8.8585	8.8913	1509220
2010-12-14	8.8782	9.1336	8.8651	8.9044	1505944
2010-12-15	8.8651	9.0157	8.6883	8.7211	1461515
2010-12-16	8.7014	8.8979	8.6098	8.8913	1253720
2010-12-17	8.8979	8.9110	8.7498	8.8520	1175792
2010-12-20	8.8324	8.8324	8.5247	8.5738	1984572
2010-12-21	8.5770	8.9306	8.5640	8.8193	1804557
2010-12-22	8.7800	8.8455	8.6556	8.7342	973814
2010-12-23	8.7080	8.7800	8.5902	8.6098	1029751
2010-12-27	8.6098	8.7604	8.5509	8.7145	1046742
2010-12-28	8.7080	8.7407	8.5247	8.5312	583210
2010-12-29	8.5443	8.6622	8.5116	8.5901	947718
2010-12-30	8.5443	8.6163	8.4461	8.5247	883756
2010-12-31	8.4985	8.5116	8.3675	8.4003	787658
2011-01-03	8.4461	8.6818	8.4461	8.5509	1198860
2011-01-04	8.6163	8.9633	8.6163	8.9240	2756265
2011-01-05	8.8258	9.1794	8.7211	9.0746	2010611
2011-01-06	9.0419	9.1925	8.8717	8.9224	1563473
2011-01-07	8.9568	8.9764	8.5836	8.7996	1293105
2011-01-10	9.0681	9.5788	9.0485	9.5722	4315026
2011-01-11	9.3693	9.4216	9.0485	9.2318	3073719
2011-01-12	9.3300	9.3889	9.2252	9.3365	1353480
2011-01-13	9.3496	9.3627	9.0681	9.1008	1589569
2011-01-14	9.0812	9.1860	8.9502	9.0354	1777632
2011-01-18	9.0812	9.5984	8.9895	9.5215	3687810
2011-01-19	9.5526	9.7425	9.3300	9.5264	3537477
2011-01-20	9.4675	9.5395	9.1663	9.5395	2841553
2011-01-21	9.5984	9.6901	9.1860	9.1974	2065668
2011-01-24	9.2121	9.6574	9.2056	9.4740	3158028
2011-01-25	9.4086	10.1091	9.2907	9.3169	7530422
2011-01-26	9.4937	9.5264	8.9633	8.9699	3745931
2011-01-27	9.0550	9.1303	8.9306	9.0092	3088691
2011-01-28	9.0157	9.1729	8.6294	8.6491	3150688
2011-01-31	8.6687	8.9633	8.6098	8.7996	1617206
2011-02-01	8.9110	9.1008	8.8193	9.0681	2335430
2011-02-02	8.9895	9.9127	8.9895	9.8996	6546633
2011-02-03	9.8865	9.9847	9.5853	9.9782	2499342
2011-02-04	9.9192	9.9716	9.5984	9.8276	2088221
2011-02-07	9.9520	10.3055	9.8865	10.3055	3011147
2011-02-08	10.2466	10.3645	9.9520	10.0617	2133305
2011-02-09	10.1222	10.3055	9.9651	10.1157	1834607
2011-02-10	10.0502	10.1222	9.8931	10.0371	1540353
2011-02-11	9.9913	10.5085	9.8800	10.5020	2713407
2011-02-14	10.5347	10.8424	10.4169	10.7966	5387659
2011-02-15	10.7901	10.8686	10.5347	10.8555	2704448
2011-02-16	10.8883	11.2287	10.8097	11.2222	4808280
2011-02-17	11.1894	11.4841	11.0585	11.4121	5777465
2011-02-18	12.7019	13.0161	11.8114	11.8114	15091205
2011-02-22	11.7001	12.1846	11.4579	11.6674	5904673
2011-02-23	11.7329	12.1126	11.3601	11.7001	3247901
2011-02-24	11.7132	12.0668	11.7132	12.0079	3004478
2011-02-25	12.1061	12.1126	11.4088	11.5037	4338336
2011-02-28	11.3728	11.5037	11.0258	11.1763	4957187
2011-03-01	11.1960	11.6870	11.0323	11.2811	5253136
2011-03-02	11.2942	11.4579	11.0650	11.2942	3331542
2011-03-03	11.4579	11.6150	10.9079	10.9341	6612537
2011-03-04	10.9930	11.0454	10.7049	10.7508	3893890
2011-03-07	10.7769	10.8359	10.3186	10.3579	5327639
2011-03-08	10.3907	10.4692	10.0567	10.2859	3632825
2011-03-09	10.3317	10.5740	10.2859	10.3055	2818490
2011-03-10	10.1419	10.1419	9.5199	9.5984	6629637
2011-03-11	9.3496	9.4478	9.1074	9.3431	6836023
2011-03-14	9.7032	9.7359	9.2776	9.4937	4858862
2011-03-15	9.7097	10.6460	9.6711	10.5216	11754262
2011-03-16	10.4561	10.4758	9.9782	10.2204	7230420
2011-03-17	10.4823	10.8424	10.3579	10.3776	5462639
2011-03-18	10.4561	10.5085	9.9585	10.0666	4624826
2011-03-21	10.1353	10.7377	10.0960	10.5478	4455924
2011-03-22	10.6460	10.6460	10.1942	10.2859	2511078
2011-03-23	10.3645	10.7639	10.3121	10.7442	3205250
2011-03-24	10.8031	10.9865	10.6329	10.7377	2963313
2011-03-25	10.8752	10.8752	10.6525	10.7377	1326458
2011-03-28	11.0127	11.0912	10.7769	10.8228	3139901
2011-03-29	10.8031	11.1043	10.6067	10.9865	2046603
2011-03-30	11.1632	11.4513	11.1174	11.1894	3118474
2011-03-31	11.1960	11.3204	11.0978	11.2222	1973048
2011-04-01	11.3859	11.3859	11.0258	11.2549	1828850
2011-04-04	11.3793	11.5888	11.1960	11.4382	3445864
2011-04-05	11.3269	11.4775	11.1698	11.4579	2358869
2011-04-06	11.5692	11.5888	11.2615	11.3793	1695737
2011-04-07	11.3204	11.3662	11.0192	11.1763	2228891
2011-04-08	11.1174	11.1952	10.9341	11.0323	2421382
2011-04-11	11.0519	11.1174	10.6395	10.7311	1926486
2011-04-12	10.6067	10.7344	10.4038	10.6525	3571971
2011-04-13	10.7769	10.9079	10.5478	10.7639	2886702
2011-04-14	10.7049	10.7246	10.4496	10.6264	2243623
2011-04-15	10.4627	10.7508	10.1877	10.3055	3467596
2011-04-18	10.1484	10.1746	9.8865	10.0436	2889378
2011-04-19	10.0109	10.1615	9.7359	9.9913	2693327
2011-04-20	10.1157	10.1419	9.8996	10.0109	1519026
2011-04-21	10.0829	10.4430	10.0829	10.4103	2087609
2011-04-25	10.4430	10.4561	10.2204	10.3186	1233168
2011-04-26	10.3317	10.4823	10.2597	10.4299	968905
2011-04-27	10.3776	10.4496	10.1484	10.4103	1191226
2011-04-28	10.3187	10.6984	10.0633	10.5543	5391952
2011-04-29	14.6923	14.7970	14.0375	14.2012	18793725
2011-05-02	13.8673	14.2078	11.1436	14.0572	3565477
2011-05-03	13.9197	14.1423	13.8870	14.1030	2438866
2011-05-04	14.0114	14.1357	13.8575	14.0441	2838810
2011-05-05	13.9001	14.2274	13.9001	14.0768	2908031
2011-05-06	13.9459	14.0768	13.9459	14.0179	2797620
2011-05-09	14.0310	14.1096	13.8280	14.0637	2113277
2011-05-10	13.9852	14.1816	13.9393	14.1423	1863088
2011-05-11	14.0244	14.1030	13.9524	13.9852	2046874
2011-05-12	13.9459	14.1497	13.9131	13.9983	2438522
2011-05-13	13.7953	14.0179	13.7167	13.9001	2603974
2011-05-16	13.8542	13.9131	13.7036	13.8215	2002729
2011-05-17	13.7691	13.8411	13.6447	13.7560	2719817
2011-05-18	13.7495	13.9393	13.7036	13.8149	1565024
2011-05-19	13.8411	13.9852	13.6709	13.9459	1607797
2011-05-20	13.8280	13.9545	13.8149	13.8411	1375243
2011-05-23	13.7167	13.8477	13.6054	13.7233	1396419
2011-05-24	13.7495	13.8477	13.6251	13.7298	1810131
2011-05-25	13.6840	13.7495	13.5072	13.5465	3876793
2011-05-26	13.5661	13.6709	13.5268	13.6447	1682960
2011-05-27	13.6185	13.7625	13.5989	13.6120	1453040
2011-05-31	13.7822	13.8771	13.6447	13.7887	2196378
2011-06-01	13.7429	13.8870	13.6712	13.7625	2055324
2011-06-02	13.7167	13.8477	13.5727	13.6512	978486
2011-06-03	13.4155	13.8673	13.3435	13.7167	1396597
2011-06-06	13.6316	13.8280	13.6120	13.6447	1705456
2011-06-07	13.7691	13.8149	13.6185	13.7167	1846227
2011-06-08	13.6251	13.9786	13.6120	13.9655	4764636
2011-06-09	13.8673	13.9983	13.8215	13.9459	2139598
2011-06-10	13.8346	13.9524	13.7757	13.8608	4439417
2011-06-13	13.8739	13.9852	13.8215	13.9262	4564882
2011-06-14	13.6709	13.8346	13.5137	13.5334	10343321
2011-06-15	11.5757	11.7852	11.2615	11.5626	6232500
2011-06-16	11.4710	11.5757	10.7639	11.0519	2691268
2011-06-17	11.1763	11.1960	10.8359	10.9472	2024773
2011-06-20	10.6133	10.9079	10.5085	10.7311	1244989
2011-06-21	11.6216	11.6543	11.0978	11.3073	3740795
2011-06-22	11.2287	11.6870	11.1109	11.4775	3334749
2011-06-23	11.2745	11.4906	11.0389	11.3204	2285412
2011-06-24	11.3662	11.3989	11.0585	11.0978	1597597
2011-06-27	11.3007	11.3859	11.0978	11.2418	697751
2011-06-28	11.2484	11.8573	11.2091	11.7983	1250797
2011-06-29	11.7918	12.1945	11.6739	11.9948	1886024
2011-06-30	12.0013	12.7477	11.9817	12.6561	2020611
2011-07-01	12.6364	12.9638	12.6364	12.9048	1055202
2011-07-05	13.0620	13.0620	12.7019	12.7150	705623
2011-07-06	12.7674	13.0816	12.1126	13.0096	1181493
2011-07-07	12.9965	13.2584	12.7150	13.1340	904362
2011-07-08	12.9310	13.1078	12.6102	13.0031	543897
2011-07-11	12.6626	13.1275	12.6126	13.0292	616647
2011-07-12	12.9900	13.1209	12.8132	13.0227	907163
2011-07-13	13.2126	13.5530	13.1537	13.5072	982756
2011-07-14	13.7495	15.2946	13.3566	14.4631	2079950
2011-07-15	14.4762	15.2226	14.0703	14.8887	1315333
2011-07-18	14.5941	14.8690	14.5155	14.7970	1130028
2011-07-19	14.8560	15.0524	14.6334	14.7839	869085
2011-07-20	14.8036	14.9234	14.5679	14.7054	448860
2011-07-21	14.6988	14.8167	14.6146	14.7381	417205
2011-07-22	14.6595	14.7381	14.4697	14.6137	445642
2011-07-25	14.3911	14.4697	13.6512	13.6709	945127
2011-07-26	13.1798	13.7167	13.1602	13.3108	704073
2011-07-27	13.1995	13.3108	12.7608	12.7674	705527
2011-07-28	12.7150	12.8525	12.5251	12.5447	286601
2011-07-29	12.4072	12.8983	12.1650	12.8525	997950
2011-08-01	12.9769	13.0358	12.3287	12.5382	491443
2011-08-02	12.4072	12.7084	12.2305	12.2698	497436
2011-08-03	12.2239	12.2763	11.9424	12.1061	323165
2011-08-04	11.9162	11.9686	11.3662	11.3662	476808
2011-08-05	11.3138	11.5430	10.8162	11.1829	606489
2011-08-08	10.6853	10.9865	10.1353	10.1550	1161872
2011-08-09	9.8210	10.6656	9.8210	10.6296	825871
2011-08-10	10.3448	10.9210	10.0829	10.2794	1639980
2011-08-11	10.3514	10.4758	9.9847	10.4038	531450
2011-08-12	10.4823	10.5805	10.0829	10.1222	644203
2011-08-15	10.2008	10.4758	10.1680	10.3907	480284
2011-08-16	10.2270	10.4169	10.1615	10.3579	322698
2011-08-17	10.4758	10.4758	10.0371	10.1942	284045
2011-08-18	10.0109	10.1157	9.4216	9.4478	783989
2011-08-19	9.3758	9.4478	8.8717	8.8848	588912
2011-08-22	9.2776	9.5526	8.8389	8.8586	502313
2011-08-23	9.1270	9.4216	8.9699	9.3562	761632
2011-08-24	9.2907	9.4593	8.8389	9.0288	550766
2011-08-25	8.9568	9.2318	8.7473	8.7866	504380
2011-08-26	8.7080	9.2514	8.6425	8.8848	506200
2011-08-29	9.0026	9.3955	9.0026	9.3234	278446
2011-08-30	9.2318	9.4740	9.1074	9.4020	264975
2011-08-31	9.4937	9.6312	9.1270	9.2318	659072
2011-09-01	9.3496	9.3627	8.8258	8.8520	410449
2011-09-02	8.6229	8.7080	8.3348	8.3610	534592
2011-09-06	8.0663	8.2497	7.9288	8.1776	450163
2011-09-07	8.5050	8.9437	8.4792	8.8782	602398
2011-09-08	8.8127	8.9044	8.1776	8.1842	1556097
2011-09-09	8.1776	8.2169	7.7259	7.7390	680606
2011-09-12	7.7717	7.9420	7.6932	7.8437	524413
2011-09-13	8.0140	8.4003	7.5622	8.1580	1161591
2011-09-14	8.1711	8.1907	7.8699	7.9158	686852
2011-09-15	7.9092	8.1187	7.7717	7.8503	418485
2011-09-16	7.8437	8.0140	7.2938	7.3658	1387901
2011-09-19	7.3003	7.3723	7.1039	7.2348	718788
2011-09-20	7.3134	7.4574	6.4819	6.5605	860966
2011-09-21	6.5605	6.7634	6.2527	6.2527	894178
2011-09-22	6.2134	6.2200	5.7486	5.9188	986590
2011-09-23	6.0170	6.1480	5.7944	5.9712	574890
2011-09-26	5.9974	6.1192	5.6176	5.7879	517736
2011-09-27	5.9123	6.2527	5.8926	6.0825	581780
2011-09-28	6.0498	6.9795	5.9385	6.1742	1225129
2011-09-29	6.3051	6.4688	5.6307	5.7224	1160404
2011-09-30	5.5784	5.6438	5.2772	5.2968	556426
2011-10-03	5.4343	5.4736	4.6224	4.6748	664119
2011-10-04	4.7076	4.9040	4.3213	4.8843	796725
2011-10-05	4.7861	5.1135	4.6159	5.0938	695218
2011-10-06	5.1331	5.6176	5.0938	5.5194	638754
2011-10-07	5.5260	5.6045	5.1331	5.3099	596405
2011-10-10	5.4147	5.5915	5.3492	5.5325	446812
2011-10-11	5.4539	5.5129	5.2444	5.3950	428486
2011-10-12	5.4474	5.8533	5.3898	5.5980	650975
2011-10-13	5.5325	5.6766	5.2444	5.4278	451425
2011-10-14	5.4998	5.8926	5.2444	5.8271	1166740
2011-10-17	5.7682	5.8926	5.5980	5.7682	695600
2011-10-18	5.7879	6.2789	5.6307	6.1676	823570
2011-10-19	6.2069	6.4033	5.9129	5.9646	789947
2011-10-20	5.9123	5.9843	5.6308	5.9254	457034
2011-10-21	6.0236	6.0890	5.7027	5.7879	675990
2011-10-24	5.8468	6.7110	5.8468	6.5736	707986
2011-10-25	6.5277	6.5736	5.9450	5.9516	684717
2011-10-26	6.0563	6.6128	5.9254	6.5670	693563
2011-10-27	6.8027	7.0842	6.7503	6.9533	866038
2011-10-28	6.9009	7.1694	6.8027	6.9271	416936
2011-10-31	6.7765	6.8673	6.2331	6.5605	591847
2011-11-01	6.3117	6.3509	5.8926	5.9450	564106
2011-11-02	6.0367	6.2396	6.0105	6.1611	409145
2011-11-03	6.3378	6.4819	5.6635	5.7355	1134962
2011-11-04	5.2444	6.0170	5.2379	5.7355	1179092
2011-11-07	5.6635	5.9123	5.5670	5.8926	475851
2011-11-08	5.9843	6.0629	5.6307	5.8926	545600
2011-11-09	5.7289	5.9254	5.5653	5.5915	460469
2011-11-10	5.6897	5.6897	4.9695	5.1790	786766
2011-11-11	5.2772	5.5129	5.1986	5.3623	422396
2011-11-14	5.3623	5.3623	5.0415	5.1593	353709
2011-11-15	5.0153	5.0938	4.6355	4.7272	1045731
2011-11-16	4.6945	5.3296	4.6725	4.7730	1327408
2011-11-17	5.6307	5.6307	4.7992	4.9105	640188
2011-11-18	4.9105	4.9105	4.4522	4.4980	1330686
2011-11-21	4.5898	4.7730	4.1969	4.3278	1007970
2011-11-22	4.2558	4.5701	4.1707	4.5439	929729
2011-11-23	4.3933	4.6177	4.2558	4.4849	765105
2011-11-25	4.4849	4.5701	4.2689	4.3278	216643
2011-11-28	4.3802	4.5831	4.3802	4.5504	369987
2011-11-29	4.5308	4.8581	4.3147	4.7599	1261168
2011-11-30	4.8058	5.1921	4.8058	5.1200	1453045
2011-12-01	4.9302	5.0611	4.8058	4.8319	578204
2011-12-02	4.9105	5.1397	4.7796	4.7861	591281
2011-12-05	5.0022	5.0055	4.7141	4.7599	671383
2011-12-06	4.7730	4.9956	4.5831	4.5963	757001
2011-12-07	4.6355	4.8254	4.2951	4.3409	1407453
2011-12-08	4.3343	4.3736	4.1641	4.2100	1168410
2011-12-09	4.1707	4.3802	4.1059	4.3475	744459
2011-12-12	4.3082	4.3802	4.1903	4.2558	695911
2011-12-13	4.3213	4.3540	4.0855	4.1314	984505
2011-12-14	3.9415	3.9710	3.4701	3.4701	1749290
2011-12-15	3.5945	3.5945	3.3981	3.4636	966646
2011-12-16	3.4766	3.5743	3.2344	3.3588	1725525
2011-12-19	3.3523	3.4701	3.3161	3.3719	915452
2011-12-20	3.4374	3.6338	3.3915	3.5683	903689
2011-12-21	3.5356	3.6993	3.4701	3.6927	984803
2011-12-22	3.6927	3.8695	3.6927	3.8302	858873
2011-12-23	4.5439	4.5766	3.8734	3.9284	4190819
2011-12-27	3.9284	3.9415	3.6010	3.8760	2056562
2011-12-28	3.8629	3.9481	3.7451	3.8957	974427
2011-12-29	3.9153	3.9153	3.7647	3.8957	1030481
2011-12-30	3.8433	4.0987	3.8367	4.0790	847298
2012-01-03	4.2427	4.3147	4.2165	4.2165	917119
2012-01-04	4.2558	4.3475	4.2165	4.3147	557913
2012-01-05	4.2885	4.3539	4.2361	4.2820	874195
2012-01-06	4.2754	4.4195	4.2230	4.2492	525047
2012-01-09	4.2820	4.4457	4.1510	4.2623	729585
2012-01-10	4.3540	4.4326	4.3016	4.3802	588432
2012-01-11	4.3475	4.9367	4.3213	4.8647	1903968
2012-01-12	4.9171	5.1331	4.6879	5.1004	1448389
2012-01-13	5.0742	5.1266	4.8909	4.9433	993138
2012-01-17	5.0022	5.1200	4.7403	4.7665	988402
2012-01-18	4.7468	5.0349	4.6421	4.9695	774680
2012-01-19	5.0022	5.1724	4.6617	4.6683	1070990
2012-01-20	4.6683	4.7927	4.6290	4.7796	622018
2012-01-23	4.7927	4.8254	4.2885	4.3343	1214403
2012-01-24	4.3540	4.5177	4.3016	4.4784	621478
2012-01-25	4.4849	4.5831	4.3867	4.4784	516894
2012-01-26	4.5046	4.6945	4.4588	4.4915	526708
2012-01-27	4.4653	4.7468	4.4653	4.7468	776450
2012-01-30	4.7796	4.8450	4.5504	4.7927	891368
2012-01-31	4.8189	4.8450	4.4522	4.4849	910607
2012-02-01	4.5177	4.7403	4.4653	4.6683	697326
2012-02-02	4.7207	4.9171	4.6355	4.8974	659071
2012-02-03	4.9956	5.2051	4.9308	5.1921	1438993
2012-02-06	5.1790	5.4932	5.1790	5.3492	757527
2012-02-07	5.3623	5.3783	4.6617	4.7141	2000414
2012-02-08	4.7534	5.0087	4.7534	4.9105	1464399
2012-02-09	4.9302	5.7289	4.9171	5.5260	2679077
2012-02-10	5.4278	5.4801	5.1790	5.2575	1084650
2012-02-13	5.3230	5.4016	5.0808	5.1266	828688
2012-02-14	5.0284	5.0546	4.7927	4.9236	817781
2012-02-15	5.0546	5.0546	4.7861	4.7992	780775
2012-02-16	4.8712	4.9629	4.7141	4.8974	846009
2012-02-17	5.4801	6.2462	5.3034	5.3230	7335322
2012-02-21	5.4474	5.7355	5.3557	5.6373	1584386
2012-02-22	5.6504	5.6569	5.2968	5.3885	1192133
2012-02-23	5.2903	5.3492	5.1069	5.1790	1148360
2012-02-24	5.1790	5.2574	5.0022	5.0513	745219
2012-02-27	4.8974	5.0677	4.7665	4.9629	901610
2012-02-28	5.0153	5.2117	4.9760	5.1200	786072
2012-02-29	5.0349	5.1135	4.9105	4.9302	702846
2012-03-01	4.9760	5.0349	4.8189	4.8778	670876
2012-03-02	4.8516	5.0087	4.7599	4.7599	668140
2012-03-05	4.8319	4.8712	4.6421	4.6421	784989
2012-03-06	4.4784	4.5701	4.3802	4.4718	1109836
2012-03-07	4.3736	4.4391	4.1969	4.4195	900015
2012-03-08	4.4588	4.7272	4.4587	4.6945	630523
2012-03-09	4.6093	4.8058	4.5831	4.7403	650089
2012-03-12	4.7468	4.8319	4.4588	4.5308	559231
2012-03-13	4.5635	4.8843	4.5191	4.8581	734829
2012-03-14	4.8319	4.8712	4.6814	4.7468	341522
2012-03-15	4.7272	4.8778	4.6879	4.7861	444078
2012-03-16	4.7796	5.1266	4.7796	5.1135	3264236
2012-03-19	5.1331	5.2084	4.9760	5.1724	978207
2012-03-20	5.1331	5.1331	4.7010	4.7861	2229850
2012-03-21	4.7927	4.7927	4.4457	4.4915	1620781
2012-03-22	4.4784	4.5831	4.4195	4.4849	977417
2012-03-23	4.5111	4.5174	4.3933	4.4522	548038
2012-03-26	4.4849	4.6617	4.4522	4.5111	823649
2012-03-27	4.5111	4.5635	4.3278	4.3475	736165
2012-03-28	4.3671	4.4391	4.1805	4.2230	847585
2012-03-29	4.1903	4.2361	4.1117	4.2100	597456
2012-03-30	4.2558	4.2689	4.1445	4.1772	638835
2012-04-02	4.1641	4.2230	4.0659	4.0921	750838
2012-04-03	4.0987	4.1183	3.9350	3.9546	707613
2012-04-04	3.9219	3.9415	3.8433	3.8629	555344
2012-04-05	3.7778	3.8629	3.7123	3.7320	987765
2012-04-09	3.6796	3.6993	3.5683	3.6207	837932
2012-04-10	3.6207	3.7254	3.5290	3.6338	1215460
2012-04-11	3.6665	3.9808	3.6665	3.8629	1455752
2012-04-12	3.9022	4.0594	3.8433	3.9481	991859
2012-04-13	3.9153	3.9245	3.7385	3.7516	595785
2012-04-16	3.7647	3.9022	3.7647	3.8302	532507
2012-04-17	3.8695	4.0725	3.8302	4.0463	875935
2012-04-18	4.0201	4.0266	3.7975	3.8106	700080
2012-04-19	3.8171	3.8564	3.6272	3.6534	896459
2012-04-20	3.6600	3.7189	3.5749	3.6076	605080
2012-04-23	3.5552	3.5749	3.4112	3.5225	670241
2012-04-24	3.5421	3.6010	3.5225	3.5618	542007
2012-04-25	3.5814	3.6338	3.4833	3.5290	569408
2012-04-26	3.5421	3.6141	3.5421	3.5749	470947
2012-04-27	3.6010	3.7058	3.5880	3.6927	604665
2012-04-30	3.6731	3.6797	3.5094	3.6731	1277744
2012-05-01	3.9939	4.3736	3.9546	3.9611	3163592
2012-05-02	3.9939	4.0266	3.6796	3.6993	3283979
2012-05-03	3.7647	3.7975	3.6600	3.7320	1399283
2012-05-04	3.8106	4.0790	3.5814	3.6927	2905157
2012-05-07	3.6796	3.8433	3.6141	3.8106	1268548
2012-05-08	3.7516	3.7713	3.5945	3.6796	1346099
2012-05-09	3.6272	3.6272	3.5094	3.5618	1393685
2012-05-10	3.5945	3.6534	3.5225	3.5356	958401
2012-05-11	3.4636	3.6469	3.3653	3.6272	1687996
2012-05-14	3.5552	3.7123	3.4897	3.6993	940005
2012-05-15	3.6927	3.6993	3.3130	3.3392	1786053
2012-05-16	3.3523	3.5487	3.3130	3.3261	1246732
2012-05-17	3.3195	3.7975	3.2409	3.6600	4180465
2012-05-18	3.6862	3.7254	3.2933	3.3261	1688627
2012-05-21	3.3523	3.5552	3.3396	3.5290	967593
2012-05-22	3.5421	3.6993	3.4897	3.5618	971820
2012-05-23	3.5094	3.6469	3.4374	3.6010	595699
2012-05-24	3.6076	3.6665	3.3392	3.3784	956341
2012-05-25	3.3850	3.5028	3.3784	3.4505	765133
2012-05-29	3.4636	3.5683	3.4636	3.5618	799506
2012-05-30	3.4897	3.4963	3.3326	3.3523	895684
2012-05-31	3.3523	3.4300	3.2540	3.2802	1145321
2012-06-01	3.1820	3.2409	3.0576	3.1035	1102443
2012-06-04	3.1165	3.2278	2.9529	3.0314	1237840
2012-06-05	3.0118	3.2082	2.9921	3.1427	938637
2012-06-06	3.1820	3.3261	3.1755	3.2573	869516
2012-06-07	3.3261	3.3981	3.1427	3.1558	864537
2012-06-08	3.1231	3.1820	3.0314	3.0642	1410347
2012-06-11	3.1558	3.1886	3.0576	3.0642	1179666
2012-06-12	3.1100	3.3752	3.0906	3.3326	1688660
2012-06-13	3.2999	3.3195	3.0707	3.0838	1443745
2012-06-14	3.1296	3.2017	3.0380	3.0969	906132
2012-06-15	3.0969	3.1951	3.0511	3.1755	1342548
2012-06-18	3.1100	3.3392	3.0838	3.1755	1928192
2012-06-19	3.2082	3.3195	3.2082	3.2671	1519553
2012-06-20	3.2737	3.3915	3.2147	3.2671	1425461
2012-06-21	3.2737	3.3321	3.2213	3.2213	922412
2012-06-22	3.2409	3.4570	3.2409	3.3784	8126375
2012-06-25	3.3784	3.3915	3.1689	3.2082	1636257
2012-06-26	3.2409	3.2606	3.0838	3.1165	1044675
2012-06-27	3.1296	3.2671	3.0838	3.2082	958799
2012-06-28	3.1689	3.2868	3.0183	3.0249	1628714
2012-06-29	3.1427	3.1755	3.0576	3.1395	1229821
2012-07-02	3.1689	3.3784	3.1558	3.3719	1296691
2012-07-03	3.3981	3.5028	3.3195	3.4701	948486
2012-07-05	3.4243	3.4832	3.3064	3.3326	997379
2012-07-06	3.2802	3.3064	3.1624	3.1755	992449
2012-07-09	3.1755	3.1886	3.0052	3.0118	1489626
2012-07-10	3.0445	3.1035	2.9529	2.9725	923254
2012-07-11	2.9790	3.0707	2.9594	3.0118	1033089
2012-07-12	3.0903	3.1296	2.9790	3.0445	1745527
2012-07-13	3.0511	3.0838	2.9070	2.9201	2019428
2012-07-16	2.9463	3.0511	2.8612	3.0020	1481867
2012-07-17	3.0314	3.0314	2.8808	2.8939	756296
2012-07-18	2.8808	2.9790	2.8808	2.9463	984752
2012-07-19	2.9463	2.9921	2.8612	2.8677	1071590
2012-07-20	2.8612	2.9725	2.8612	2.9136	999791
2012-07-23	2.8546	2.8808	2.6517	2.6582	1373309
2012-07-24	2.6779	2.7041	2.4749	2.5011	1429808
2012-07-25	2.5338	2.6484	2.5274	2.5928	905586
2012-07-26	2.6386	2.7172	2.5207	2.5666	535089
2012-07-27	2.5797	2.6450	2.4749	2.5076	1019801
2012-07-30	2.5011	2.5862	2.4291	2.4684	846568
2012-07-31	2.4880	2.5928	2.4798	2.5666	853499
2012-08-01	2.5797	2.6059	2.4749	2.4749	642377
2012-08-02	2.5993	2.6517	2.5076	2.6059	2098719
2012-08-03	2.6648	2.7564	2.5862	2.6779	1139003
2012-08-06	2.6910	2.8612	2.6910	2.8612	737194
2012-08-07	2.8808	3.0249	2.8514	2.9594	1098792
2012-08-08	3.0314	3.1362	2.9987	3.0707	1808172
2012-08-09	2.7237	2.8154	2.6320	2.7499	3189614
2012-08-10	2.7237	2.8219	2.6648	2.8088	869016
2012-08-13	2.8088	2.8743	2.7433	2.7990	794075
2012-08-14	2.8023	2.8546	2.7761	2.7957	754766
2012-08-15	2.7957	2.8481	2.7630	2.8415	662636
2012-08-16	2.8546	2.9725	2.8350	2.9463	1224003
2012-08-17	2.9659	3.0903	2.9594	3.0183	748907
2012-08-20	3.0118	3.2344	2.9856	3.1100	1371178
2012-08-21	3.1427	3.2671	3.1100	3.2082	1301052
2012-08-22	3.2017	3.2737	3.1493	3.2475	681566
2012-08-23	3.2279	3.3392	3.2213	3.2868	962249
2012-08-24	3.2671	3.2802	3.2082	3.2279	783740
2012-08-27	3.2606	3.2737	3.2017	3.2017	548740
2012-08-28	3.1820	3.3130	3.1558	3.1755	716944
2012-08-29	3.1755	3.2213	3.1100	3.1624	572222
2012-08-30	3.1427	3.1558	2.8874	2.9070	988402
2012-08-31	2.9398	3.0052	2.9136	2.9332	656495
2012-09-04	2.9005	2.9136	2.6844	2.7695	1251005
2012-09-05	2.7695	2.8088	2.7073	2.7499	630162
2012-09-06	2.7761	2.9005	2.7368	2.8677	693658
2012-09-07	2.8808	2.9529	2.8546	2.9201	698284
2012-09-10	2.9070	3.1100	2.9070	3.0969	902547
2012-09-11	3.0642	3.1362	3.0118	3.1165	661606
2012-09-12	3.1362	3.2344	3.1362	3.1427	634573
2012-09-13	3.1296	3.2147	3.0511	3.1296	648731
2012-09-14	3.1624	3.2737	3.1558	3.2147	832262
2012-09-17	3.2279	3.2279	3.0838	3.1100	477964
2012-09-18	3.0903	3.2213	3.0773	3.1296	483347
2012-09-19	3.1100	3.2606	3.1100	3.1951	398018
2012-09-20	3.1755	3.1755	3.0707	3.0969	510929
2012-09-21	3.1427	3.1951	3.0445	3.0773	1126065
2012-09-24	3.0576	3.1198	3.0511	3.1067	310717
2012-09-25	3.1231	3.1558	3.0052	3.0118	450970
2012-09-26	3.0118	3.0118	2.8808	2.8939	631979
2012-09-27	2.9267	3.0903	2.9201	3.0642	818009
2012-09-28	3.0314	3.0773	2.9496	2.9529	559270
2012-10-01	2.9725	2.9856	2.8350	2.8546	702411
2012-10-02	2.8808	2.9987	2.8808	2.9790	541467
2012-10-03	2.9659	2.9725	2.8939	2.9529	437706
2012-10-04	3.0118	3.1100	2.9332	3.0642	696683
2012-10-05	3.0903	3.0969	2.9136	2.9659	696672
2012-10-08	2.9267	3.0903	2.9267	3.0445	807198
2012-10-09	3.0314	3.0642	2.9659	3.0249	404298
2012-10-10	3.0249	3.0445	2.9659	2.9856	244267
2012-10-11	3.0052	3.1689	2.9921	3.0642	611768
2012-10-12	3.0903	3.1689	3.0576	3.0707	476717
2012-10-15	3.0903	3.1100	3.0118	3.0838	387572
2012-10-16	3.0903	3.1231	3.0314	3.0970	570908
2012-10-17	3.0969	3.1820	3.0380	3.1820	1118711
2012-10-18	3.1689	3.2147	3.0707	3.0707	662814
2012-10-19	3.0183	3.0314	2.8350	2.8481	1399579
2012-10-22	2.8415	2.9070	2.8023	2.8677	503844
2012-10-23	2.8023	2.8546	2.7368	2.8415	434525
2012-10-24	2.8677	2.9005	2.8154	2.8350	452159
2012-10-25	2.8546	2.8808	2.8154	2.8350	441500
2012-10-26	2.8285	2.9070	2.7695	2.8088	364028
2012-10-31	2.8219	2.8743	2.7990	2.8219	490863
2012-11-01	2.8415	2.9987	2.7896	2.9856	816880
2012-11-02	3.0118	3.0445	2.7302	2.7499	1242368
2012-11-05	2.7630	2.8677	2.7172	2.8481	742964
2012-11-06	2.8612	3.0773	2.8546	3.0642	992262
2012-11-07	3.0249	3.1296	2.9201	2.9921	1005820
2012-11-08	2.9921	3.0969	2.9136	2.9136	506577
2012-11-09	2.8939	3.0707	2.8939	2.9921	702494
2012-11-12	3.0183	3.1493	2.9594	3.0118	960401
2012-11-13	2.9725	2.9784	2.8415	2.8546	709456
2012-11-14	2.8481	2.8481	2.6386	2.6648	938558
2012-11-15	2.6779	2.7532	2.6059	2.6451	722510
2012-11-16	2.6582	2.6648	2.5535	2.6191	623948
2012-11-19	2.6648	2.7008	2.5862	2.6157	744383
2012-11-20	2.6124	2.6549	2.5862	2.6124	482562
2012-11-21	2.6124	2.6256	2.5600	2.6189	370065
2012-11-23	2.6189	2.7302	2.6189	2.6844	295172
2012-11-26	2.6713	2.7368	2.6521	2.7139	517000
2012-11-27	2.7106	2.9463	2.6910	2.8743	1053643
2012-11-28	2.8481	2.9987	2.7957	2.9790	850907
2012-11-29	3.0118	3.0118	2.9038	2.9921	500145
2012-11-30	2.9921	3.0642	2.8808	3.0020	604905
2012-12-03	3.0118	3.0511	2.9594	3.0312	540721
2012-12-04	3.0183	3.0642	2.9659	3.0118	734092
2012-12-05	3.0249	3.1035	3.0118	3.0118	652002
2012-12-06	2.9529	3.0838	2.9529	3.0118	441416
2012-12-07	3.0445	3.1624	3.0412	3.1624	903540
2012-12-10	3.1624	3.3064	3.1430	3.2540	1024259
2012-12-11	3.2802	3.4537	3.2737	3.3981	1243141
2012-12-12	3.3981	3.6633	3.3981	3.5814	2158685
2012-12-13	3.5814	3.6403	3.4112	3.4636	1541888
2012-12-14	3.4636	3.6338	3.4505	3.5421	1090817
2012-12-17	3.5487	3.5736	3.3326	3.4275	960562
2012-12-18	3.4243	3.4505	3.3064	3.3850	1116702
2012-12-19	3.3981	3.5683	3.3981	3.5028	1212629
2012-12-20	3.5159	3.6403	3.3915	3.5618	1368588
2012-12-21	3.4570	3.6076	3.4177	3.5683	1856607
2012-12-24	3.5618	3.6010	3.4767	3.5552	387840
2012-12-26	3.5421	3.9284	3.5159	3.7975	1941312
2012-12-27	3.8564	3.8891	3.5552	3.6207	1420260
2012-12-28	3.6141	3.7222	3.4897	3.5945	1061723
2012-12-31	3.6207	3.6927	3.5880	3.6796	1276251
2013-01-02	3.8564	4.0528	3.8237	4.0135	2055597
2013-01-03	4.7403	5.9516	4.6355	5.9385	22559881
2013-01-04	5.8861	5.9712	5.5653	5.7158	12528641
2013-01-07	5.4998	5.5915	4.9956	4.9956	7305016
2013-01-08	5.1593	5.4212	5.0742	5.2313	5684074
2013-01-09	5.2313	5.4736	5.2313	5.3361	3064785
2013-01-10	5.4867	5.5587	5.2772	5.3557	2813295
2013-01-11	5.3296	5.4409	5.3165	5.3623	1366556
2013-01-14	5.1462	5.1724	4.8516	5.0415	3927855
2013-01-15	5.0611	5.1724	4.9825	5.0873	1733567
2013-01-16	5.0873	5.1790	4.9629	5.1331	1552477
2013-01-17	5.0873	5.2968	5.0742	5.1593	2161758
2013-01-18	5.1397	5.1790	5.0087	5.0611	1269371
2013-01-22	5.1004	5.3296	5.0284	5.2248	2061116
2013-01-23	5.2903	5.4016	5.2379	5.2385	1558034
2013-01-24	5.2313	5.3754	5.1593	5.2379	1491431
2013-01-25	5.2313	5.3688	5.1986	5.2313	1167056
2013-01-28	5.2706	5.3492	5.0873	5.1528	1249946
2013-01-29	5.1528	5.1723	5.0153	5.1331	997655
2013-01-30	5.1200	5.1921	4.9695	5.0153	1390637
2013-01-31	5.0218	5.1168	4.8974	5.1004	1828290
2013-02-01	5.1462	5.2051	5.1069	5.1266	1077438
2013-02-04	5.1004	5.5194	4.9956	5.0284	3035120
2013-02-05	5.1266	5.3950	5.0415	5.2510	3386949
2013-02-06	5.4801	5.5915	5.4016	5.4801	4150001
2013-02-07	5.6176	5.6635	5.4343	5.4998	3295972
2013-02-08	5.1331	5.3165	4.9498	5.1921	4329822
2013-02-11	5.1724	6.1873	5.1593	6.1807	7064653
2013-02-12	6.1414	6.6456	6.0825	6.3575	8402507
2013-02-13	6.5277	6.6848	6.3444	6.4884	5075566
2013-02-14	6.4492	8.1515	6.3837	7.9420	15022788
2013-02-15	7.9616	8.1384	7.4051	7.4967	9795689
2013-02-19	7.5622	8.9437	7.5360	8.7669	16493475
2013-02-20	8.7669	9.0877	8.3479	8.6229	10580574
2013-02-21	8.4788	8.5116	7.7586	7.9878	6558151
2013-02-22	8.3151	8.6098	7.9878	8.1646	5359382
2013-02-25	8.2628	8.4788	7.7062	7.7979	4374153
2013-02-26	7.9747	8.0205	7.2938	7.6539	4534114
2013-02-27	7.1301	7.7390	6.9075	7.6473	6435533
2013-02-28	7.8568	8.3086	7.6211	7.6899	6318387
2013-03-01	7.7259	8.0205	7.4967	7.7521	3307562
2013-03-04	7.6604	7.9092	7.6146	7.8306	2495158
2013-03-05	7.9354	8.1122	7.8045	7.8634	2459286
2013-03-06	8.1842	8.2300	7.9223	8.0074	2667197
2013-03-07	7.9420	8.0533	7.6015	7.6866	3234053
2013-03-08	7.8241	7.9027	7.7062	7.7979	2387593
2013-03-11	7.8331	7.9550	7.6473	7.9288	2272018
2013-03-12	7.8765	8.4461	7.8045	8.2104	4651215
2013-03-13	8.1253	8.2431	7.8830	7.9878	2468919
2013-03-14	8.0663	8.1187	7.6670	7.8830	2326070
2013-03-15	7.8568	7.9190	7.6932	7.7259	2090531
2013-03-18	7.5687	7.7652	7.4182	7.6670	1799496
2013-03-19	7.7390	7.9158	7.5360	7.7914	2245746
2013-03-20	7.7914	8.4788	7.7914	8.3217	4543711
2013-03-21	8.2497	8.4068	7.8077	7.9092	3184876
2013-03-22	7.9485	8.0598	7.7324	7.7914	1483114
2013-03-25	7.8045	7.8045	7.4378	7.5426	1730228
2013-03-26	7.6408	7.7128	7.2414	7.4378	2209974
2013-03-27	7.3658	7.5753	7.2807	7.4967	1759961
2013-03-28	7.4836	7.6932	7.4182	7.5556	1248502
2013-04-01	7.5295	7.6277	7.2545	7.3265	1489730
2013-04-02	7.3854	7.4640	6.9729	7.0319	2299058
2013-04-03	7.0515	7.0908	6.2789	6.3444	5013536
2013-04-04	6.2331	6.6128	5.8926	6.4426	5347828
2013-04-05	6.1349	6.3313	5.9646	6.1611	3361849
2013-04-08	6.2593	6.5801	6.2004	6.3699	3043941
2013-04-09	6.4295	7.7586	6.2986	7.4574	14450215
2013-04-10	7.3068	7.6080	6.9206	7.0580	8294057
2013-04-11	7.0777	7.5164	7.0188	7.2348	4660182
2013-04-12	7.1366	7.4902	7.0712	7.2414	3079681
2013-04-15	7.1235	7.1890	6.4950	6.6521	4287197
2013-04-16	6.8682	7.0646	6.7831	6.9206	2250740
2013-04-17	6.7765	7.1104	6.6194	6.7503	3009398
2013-04-18	6.7372	6.8289	6.5408	6.6194	1965364
2013-04-19	6.6587	6.8616	6.5540	6.6390	2110865
2013-04-22	6.7438	7.0973	6.5212	6.9009	2997386
2013-04-23	6.9206	7.3985	6.9206	7.2676	3827766
2013-04-24	7.3461	8.0860	7.3461	8.0271	7369202
2013-04-25	7.9288	8.4134	7.9027	7.9616	4914660
2013-04-26	8.4199	9.1008	8.3151	8.6753	10403275
2013-04-29	8.7538	9.3950	8.7407	8.9437	6989046
2013-04-30	9.0354	9.3169	8.6491	8.8979	6612600
2013-05-01	8.7866	8.8258	8.4003	8.5116	3637652
2013-05-02	8.6098	10.1288	8.2824	10.0109	13963778
2013-05-03	9.8865	10.2466	9.5919	9.7359	10690187
2013-05-06	9.8734	10.5020	9.7425	10.3841	7623242
2013-05-07	10.2794	10.4234	9.6246	10.0960	7269064
2013-05-08	10.0502	10.3425	9.8603	10.0567	4536003
2013-05-09	10.0109	11.0781	9.9127	10.6853	7703598
2013-05-10	10.7508	11.8376	10.6395	11.7852	9295399
2013-05-13	12.3680	12.7674	12.0272	12.2632	12591100
2013-05-14	12.1257	12.6233	11.9817	12.4596	8748338
2013-05-15	13.4679	14.6530	13.0489	13.5203	21535117
2013-05-16	14.3453	14.4566	13.0161	13.0620	14173850
2013-05-17	13.1995	14.0375	12.8394	13.7953	9613207
2013-05-20	14.1161	15.0589	14.0506	14.8625	10905614
2013-05-21	15.0589	15.5565	13.6840	13.7495	12220451
2013-05-22	13.7757	13.9125	12.2239	12.5637	12466851
2013-05-23	11.9751	12.6037	11.8180	12.5185	9930313
2013-05-24	12.6233	13.0816	12.4400	12.8525	6775185
2013-05-28	13.2584	13.5399	12.6626	12.8525	5967319
2013-05-29	12.5447	13.0096	12.3483	12.8590	4893652
2013-05-30	13.2715	13.6840	13.1405	13.3108	6687369
2013-05-31	13.2519	13.3239	12.6364	12.6430	4010347
2013-06-03	12.4465	12.7601	11.6347	12.3418	5204745
2013-06-04	12.3876	12.8793	11.9817	12.2239	6685118
2013-06-05	11.9817	12.3811	11.9293	12.0930	2979748
2013-06-06	12.1192	12.6822	12.0471	12.6822	3683015
2013-06-07	12.8132	13.0292	12.5775	12.8590	3645572
2013-06-10	12.8459	14.1750	12.7621	14.0375	5708183
2013-06-11	13.6512	13.7166	12.9310	13.1340	4617945
2013-06-12	13.1275	13.5137	12.3811	12.5185	3907676
2013-06-13	12.4989	13.0620	12.2828	12.9179	2598081
2013-06-14	13.1995	13.2191	12.1781	12.4400	3895675
2013-06-17	12.7019	12.9245	12.3680	12.5775	2904835
2013-06-18	12.5775	12.9107	12.5775	12.7805	2597728
2013-06-19	12.7543	12.8328	12.3483	12.4662	2550257
2013-06-20	12.2632	12.4138	11.6478	11.7394	3867848
2013-06-21	12.0275	12.1388	11.4710	12.0079	4364669
2013-06-24	11.7067	11.9227	11.4972	11.7132	3252299
2013-06-25	11.9686	12.4531	11.9424	12.3778	3619937
2013-06-26	12.5317	13.2977	12.4596	13.2846	4445455
2013-06-27	13.4352	13.7429	13.2781	13.2977	4709764
2013-06-28	13.2257	13.8804	13.1078	13.5530	4291227
2013-07-01	13.7495	14.2929	13.7495	14.0114	4187504
2013-07-02	14.1619	14.6923	14.0834	14.4173	4755642
2013-07-03	14.1619	14.6464	14.1161	14.5090	1517879
2013-07-05	14.7381	16.0083	14.7316	15.9952	5831406
2013-07-08	16.2636	16.5648	15.3012	15.5893	6060773
2013-07-09	15.6547	15.8773	15.0655	15.1244	4369598
2013-07-10	15.2619	15.7922	15.1834	15.6089	2884826
2013-07-11	16.0410	16.6172	15.9166	16.5976	5355413
2013-07-12	16.5976	17.5469	16.4994	16.9904	5771712
2013-07-15	17.4291	18.1099	17.3571	17.6713	4926075
2013-07-16	17.5786	17.8479	16.6631	16.8202	4992423
2013-07-17	16.9839	17.1803	16.6172	16.8856	3853682
2013-07-18	17.0886	17.3832	16.8005	16.8529	3078782
2013-07-19	16.8071	17.0623	16.4470	16.7023	2810579
2013-07-22	16.6761	17.6451	16.6303	17.1737	4194368
2013-07-23	17.3898	17.6648	16.8398	16.8856	3298831
2013-07-24	17.1279	17.2785	16.2702	16.5386	3195797
2013-07-25	16.4404	16.9642	16.2797	16.9511	2102848
2013-07-26	16.7678	17.1541	16.7351	16.9708	1637670
2013-07-29	17.0493	17.4487	17.0493	17.1279	2615170
2013-07-30	17.4029	18.4308	17.1606	18.3981	5457922
2013-07-31	18.3981	18.4243	17.6844	18.1034	6552898
2013-08-01	18.0773	18.1362	15.3928	15.6482	13343989
2013-08-02	16.0410	16.5321	15.6154	15.6482	6465334
2013-08-05	15.7268	16.3357	15.7268	16.1000	3569092
2013-08-06	16.2374	16.3684	15.4845	15.6809	3414929
2013-08-07	15.0589	15.0851	13.4941	14.1292	9485558
2013-08-08	13.8608	14.3387	13.7534	13.8935	4420350
2013-08-09	13.9917	14.8232	13.9590	14.4566	4199124
2013-08-12	14.3191	14.7316	14.2078	14.5482	2770297
2013-08-13	14.5744	14.9149	14.4042	14.6203	3786117
2013-08-14	14.5613	14.7577	14.3191	14.3780	2608864
2013-08-15	13.9983	14.1029	13.4679	13.5268	3985456
2013-08-16	13.5399	14.3191	13.5268	13.9786	3135131
2013-08-19	14.0768	14.2209	13.4745	13.4745	2683167
2013-08-20	13.5727	14.0244	13.5072	13.9393	2636395
2013-08-21	13.8739	14.8625	13.8215	14.6857	3870743
2013-08-22	14.9280	15.4649	14.8822	15.0589	3423174
2013-08-23	15.3077	15.3208	14.7972	15.0262	2598397
2013-08-26	15.1310	15.4321	14.8036	14.9083	2721614
2013-08-27	14.4893	14.6311	13.7560	13.8149	4163843
2013-08-28	13.7625	14.2929	13.7495	14.1750	2749896
2013-08-29	14.1423	14.6268	14.1096	14.2863	1871939
2013-08-30	14.3715	14.4959	13.9459	14.0703	1658905
2013-09-03	14.3518	14.7185	14.1816	14.4893	2558185
2013-09-04	14.5613	14.9411	14.2078	14.6399	2608242
2013-09-05	14.6661	15.0262	14.5875	14.7970	2129512
2013-09-06	14.9345	15.3666	14.3387	15.0917	2728303
2013-09-09	15.2161	15.7791	15.0720	15.5893	2784020
2013-09-10	15.7857	16.1065	15.6220	15.8184	2830861
2013-09-11	15.7071	16.0410	15.3339	15.6220	1984200
2013-09-12	15.6875	15.7791	15.0786	15.2423	1874048
2013-09-13	15.3339	15.6220	15.1048	15.4714	1518436
2013-09-16	15.7726	16.4339	15.6024	15.9821	3416164
2013-09-17	15.9363	16.2701	15.5827	15.8904	1696697
2013-09-18	15.8119	16.4339	15.7863	16.3684	2367585
2013-09-19	16.4339	16.6238	16.0639	16.2309	2055027
2013-09-20	16.3684	16.5321	15.7268	15.8119	2802331
2013-09-23	15.6547	15.9494	15.1244	15.4256	2019067
2013-09-24	15.4125	16.1655	15.3012	15.7922	2238481
2013-09-25	15.8184	16.8660	15.8184	16.6434	3434985
2013-09-26	16.9053	17.4487	16.3946	16.6630	3414830
2013-09-27	16.5255	17.3767	16.4404	17.1312	2719900
2013-09-30	16.7743	17.6648	16.5321	17.1279	3548217
2013-10-01	17.2523	17.8645	17.1672	17.8645	2826772
2013-10-02	17.6582	18.5028	17.5993	18.3392	3661826
2013-10-03	18.5487	18.8891	17.5862	18.0576	4179690
2013-10-04	18.0052	18.9743	17.8416	18.7647	3034988
2013-10-07	18.4570	19.3016	18.4243	18.6993	2912354
2013-10-08	18.8629	19.2099	17.2392	17.8546	4775235
2013-10-09	17.8546	18.0575	16.7351	17.5076	3777086
2013-10-10	17.9332	18.2082	17.7368	18.1034	2217831
2013-10-11	18.4636	19.2754	18.4046	18.9873	3867959
2013-10-14	18.6403	20.4212	18.4963	19.8712	6317535
2013-10-15	19.9105	20.6766	19.8189	20.2379	4644164
2013-10-16	20.5391	20.7420	20.1331	20.5129	2761471
2013-10-17	20.7420	21.0563	20.3296	20.6831	3412883
2013-10-18	20.9646	22.0024	20.5260	21.9795	4156573
2013-10-21	22.3396	23.1711	21.4623	21.6128	5408109
2013-10-22	22.2414	22.7848	21.1480	22.5164	4975053
2013-10-23	22.1104	22.3265	21.7372	22.0711	2733719
2013-10-24	22.3854	22.7128	21.8616	21.9795	3150764
2013-10-25	22.1170	22.2348	21.2855	21.4230	3236743
2013-10-28	21.5408	21.8551	20.3688	20.8795	3590423
2013-10-29	21.1152	21.8682	20.8861	21.7503	3013073
2013-10-30	22.2610	22.4902	20.7420	20.8533	4810105
2013-10-31	19.0495	20.2575	18.1630	19.7763	8162610
2013-11-01	20.3230	20.8664	19.8451	20.2117	3804564
2013-11-04	20.9385	22.5688	20.8861	22.3658	5474905
2013-11-05	22.3658	22.5753	21.6063	22.3592	4677657
2013-11-06	22.3134	22.4051	20.9319	21.4426	5057920
2013-11-07	21.1545	21.4426	19.5439	19.8123	4870605
2013-11-08	19.8254	20.8730	19.4849	20.8664	3692710
2013-11-11	20.7289	21.5212	20.4147	21.2265	3080701
2013-11-12	20.8533	21.2135	20.2968	20.4605	3156661
2013-11-13	20.4539	21.4623	20.2968	21.3706	3540075
2013-11-14	21.9795	22.8699	21.6914	22.4313	5266847
2013-11-15	22.5557	22.7848	21.7372	21.9402	3119850
2013-11-18	22.2872	23.0598	20.9974	21.5212	5891343
2013-11-19	21.5146	21.7895	19.8778	20.0938	3714397
2013-11-20	20.2968	20.8926	20.1338	20.3361	3023355
2013-11-21	20.5653	20.9516	20.4284	20.7944	1755056
2013-11-22	20.7617	20.9516	19.8778	20.2641	2539322
2013-11-25	20.2641	20.4720	19.0266	19.3213	3719481
2013-11-26	19.0135	20.1004	18.2409	20.0284	4972720
2013-11-27	19.9694	20.4016	19.6421	20.0742	1772755
2013-11-29	20.0349	20.1790	19.4457	19.8647	1025561
2013-12-02	19.7403	20.2968	19.3344	19.7665	1710214
2013-12-03	19.4849	19.9694	19.4129	19.6814	1667093
2013-12-04	19.4784	20.5914	19.4784	20.2641	2198425
2013-12-05	20.2379	20.6897	20.0022	20.1528	1935613
2013-12-06	20.3885	20.5194	19.3474	19.8909	1789673
2013-12-09	19.8712	20.2575	18.6272	18.6927	2782269
2013-12-10	18.4636	19.7076	18.4636	19.3344	2363931
2013-12-11	19.6814	19.6814	18.2540	18.3523	2998773
2013-12-12	18.5749	18.7582	17.7761	17.9725	4342199
2013-12-13	18.1493	18.4963	17.9463	18.1493	1478364
2013-12-16	18.3195	18.4700	17.9070	18.2933	2288139
2013-12-17	18.3392	19.0070	18.0183	18.7975	2362877
2013-12-18	18.8891	19.0725	18.0118	18.7778	2607207
2013-12-19	18.6141	19.7337	18.5159	19.4784	2615915
2013-12-20	19.5831	19.8254	18.7385	19.0921	3438672
2013-12-23	18.9808	19.4195	18.9547	19.2034	1351714
2013-12-24	19.2427	19.4255	18.7713	19.0659	866773
2013-12-26	19.1117	19.5111	19.0528	19.2427	1164163
2013-12-27	19.2296	19.6093	18.8695	18.9284	1529954
2013-12-30	18.8891	19.8974	18.8695	19.7861	2315951
2013-12-31	19.9629	20.0873	19.2034	19.5177	2076509
2014-01-02	19.3344	21.1807	19.0266	21.1480	4420565
2014-01-03	21.5736	21.7634	20.7224	21.4295	3332585
2014-01-06	21.6456	21.9009	21.0301	21.2396	3338214
2014-01-07	21.4884	22.2152	21.1349	21.4295	3768893
2014-01-08	21.2920	21.9795	21.2135	21.6259	2097457
2014-01-09	21.7700	22.1432	21.2593	21.4688	1893649
2014-01-10	21.4164	21.7372	20.8730	21.2135	2089993
2014-01-13	21.0498	21.3765	19.8909	20.0677	3143200
2014-01-14	19.9891	20.9385	19.9825	20.9188	1742730
2014-01-15	21.0236	21.5408	20.6438	20.8664	1959649
2014-01-16	21.5343	23.0729	21.1873	23.0074	7089918
2014-01-17	23.1449	23.7342	22.1694	22.2545	5348013
2014-01-21	22.4509	22.6801	21.6456	22.2414	2813473
2014-01-22	22.2414	22.5815	22.0647	22.4771	1748176
2014-01-23	22.1301	22.1956	21.1218	21.6259	2787543
2014-01-24	21.1218	21.2004	20.0284	20.3885	3569591
2014-01-27	20.2313	20.9123	19.6552	20.3099	2804793
2014-01-28	21.2462	21.5349	20.9843	21.3182	2206583
2014-01-29	20.7289	21.4688	20.4671	20.7420	1565885
2014-01-30	21.0432	21.6263	20.6897	21.1218	2197913
2014-01-31	20.7813	21.4688	20.6242	21.1873	1693845
2014-02-03	21.0759	21.0891	18.9481	19.0790	4510895
2014-02-04	19.6879	19.7796	19.2361	19.3278	2274608
2014-02-05	19.1838	19.6683	18.4112	19.5439	2798420
2014-02-06	19.5439	20.1266	19.3605	19.4326	1716889
2014-02-07	19.6093	20.1659	19.3213	20.0873	2062863
2014-02-10	20.2968	20.7879	20.1069	20.3754	2919594
2014-02-11	20.4278	20.8337	20.1594	20.3754	2875646
2014-02-12	20.4671	20.8141	20.3623	20.7028	4079735
2014-02-13	19.6683	21.7831	19.2099	21.7307	7201527
2014-02-14	21.9337	21.9926	21.0694	21.3706	3181108
2014-02-18	21.5866	22.5426	21.4099	22.1956	3603439
2014-02-19	22.0057	22.7193	21.6456	21.8224	2408968
2014-02-20	21.7503	22.2479	21.5605	22.2348	1895312
2014-02-21	22.4051	22.5688	21.7503	22.1235	2041256
2014-02-24	22.3789	23.1776	22.0122	22.5884	3590594
2014-02-25	22.5884	22.7724	22.1301	22.4836	1461450
2014-02-26	22.1497	22.7848	21.9009	22.2545	3748785
2014-02-27	22.3396	22.8372	22.2676	22.4509	2279392
2014-02-28	22.5426	22.5949	21.3405	21.6914	2371731
2014-03-03	21.2265	21.8158	20.9646	21.5932	1788270
2014-03-04	22.0450	23.6965	21.9664	23.5018	5974426
2014-03-05	23.6491	24.3169	22.8176	23.1488	3726800
2014-03-06	23.2366	23.6949	22.9485	23.1908	2269192
2014-03-07	23.4068	23.5639	22.3265	22.6670	2134434
2014-03-10	22.4182	22.5884	21.6849	21.9337	2745112
2014-03-11	21.8944	22.2414	21.1152	21.3902	2787172
2014-03-12	21.1545	21.7438	20.8141	21.5605	2011882
2014-03-13	21.5997	22.0122	20.4147	20.8141	2399339
2014-03-14	20.6438	21.1578	20.4473	20.7355	1827868
2014-03-17	21.1152	21.2986	20.6438	20.7944	1635314
2014-03-18	20.8795	21.3377	20.5980	21.0825	1833974
2014-03-19	20.8468	21.9991	20.8468	21.4491	3312066
2014-03-20	21.5015	22.4705	20.9908	22.4247	3181570
2014-03-21	22.5229	22.5360	21.6063	21.7045	2826133
2014-03-24	22.0122	22.0777	20.5325	20.9777	2580142
2014-03-25	21.2789	21.5114	20.1790	20.4736	2386313
2014-03-26	21.1152	21.3117	20.4278	20.7420	4065743
2014-03-27	20.6373	21.4753	20.5587	20.9025	3520684
2014-03-28	21.0367	21.3117	20.6635	20.8533	2241427
2014-03-31	21.2527	21.3837	20.9516	21.1218	2136987
2014-04-01	21.1152	21.4557	21.0367	21.3313	2243749
2014-04-02	21.4426	21.8224	21.2462	21.8027	1890644
2014-04-03	21.8551	22.1825	21.0825	21.4819	3087902
2014-04-04	21.5474	22.2807	20.5653	20.9385	3421045
2014-04-07	20.6569	21.0583	19.5504	19.6814	4064608
2014-04-08	19.6617	20.0349	19.0594	19.2034	4180117
2014-04-09	19.3474	19.9302	19.2820	19.8647	1932527
2014-04-10	20.0742	20.1004	18.1232	18.3588	3456870
2014-04-11	17.9856	18.2802	17.3374	17.4225	5331053
2014-04-14	17.6779	17.7695	16.7416	17.3701	4772189
2014-04-15	17.4029	17.8285	16.6172	17.4946	4670215
2014-04-16	17.7433	17.7695	17.1083	17.5142	2219869
2014-04-17	17.5469	18.0773	17.2981	17.3701	2783443
2014-04-21	17.3963	18.1166	17.3832	18.0183	2456627
2014-04-22	18.3392	19.2820	18.1689	19.2296	4031002
2014-04-23	20.7617	21.3248	20.1462	20.6111	7823166
2014-04-24	20.8141	21.0891	20.0742	20.9646	4431165
2014-04-25	21.1807	22.8437	21.1676	22.3789	9788666
2014-04-28	22.3003	22.5557	20.8730	21.7765	5551177
2014-04-29	21.6979	21.9664	21.2468	21.8485	2266746
2014-04-30	21.6063	21.9337	21.2920	21.8813	1596386
2014-05-01	21.8289	23.1613	21.7929	22.1694	3831088
2014-05-02	22.1890	22.6670	21.7700	22.2479	2216924
2014-05-05	21.8682	22.5818	21.5736	22.4313	1700384
2014-05-06	22.2807	23.5050	22.2152	22.2610	3141462
2014-05-07	22.3985	22.6801	20.8861	21.6063	3430919
2014-05-08	21.4884	22.1890	21.0608	21.1480	2745003
2014-05-09	20.9516	21.9468	20.9516	21.6063	1971747
2014-05-12	21.7307	22.4705	21.6587	22.3330	2364007
2014-05-13	22.2872	22.6539	21.8747	22.1104	1772607
2014-05-14	21.9075	22.2338	21.5146	21.5932	1645690
2014-05-15	21.3968	21.5736	20.4867	20.8010	2296068
2014-05-16	20.6373	20.8926	20.2379	20.7944	1576442
2014-05-19	20.5391	21.4753	20.5391	21.0891	1777824
2014-05-20	20.9646	21.0498	20.1685	20.3557	2224501
2014-05-21	20.5980	20.6897	20.2968	20.4147	2807927
2014-05-22	20.4278	20.8337	20.3296	20.5587	1937422
2014-05-23	20.5260	20.8861	20.3950	20.8795	1720456
2014-05-27	21.0170	21.4164	20.9515	21.2135	2078635
2014-05-28	21.2593	22.0384	21.1152	21.6914	2444713
2014-05-29	21.6979	22.3396	21.5212	22.2545	2206046
2014-05-30	22.2610	22.3003	21.2789	21.8289	2793226
2014-06-02	21.8878	22.0843	21.0759	21.4361	1469396
2014-06-03	21.2004	21.2789	20.6045	20.9581	1607194
2014-06-04	22.0057	23.0467	21.7831	22.4247	5688448
2014-06-05	22.1497	22.5753	21.6849	22.4051	4094271
2014-06-06	22.2021	22.6473	21.9337	22.1170	2462163
2014-06-09	21.9795	22.6211	21.8485	21.8872	2411464
2014-06-10	21.8878	22.3069	21.7111	21.9991	1625699
2014-06-11	21.8682	22.6997	21.7700	22.2610	2170378
2014-06-12	22.2086	23.3151	22.1825	22.8044	5011483
2014-06-13	22.8110	23.4592	22.4051	23.3610	3391558
2014-06-16	23.3479	25.2924	23.3413	25.2466	7012115
2014-06-17	24.9454	26.8376	24.7490	26.3368	9896077
2014-06-18	25.9603	26.5103	25.2073	26.4251	6416585
2014-06-19	26.4382	26.7460	25.6656	26.0781	3009997
2014-06-20	26.0192	26.4186	25.7639	26.3662	3237494
2014-06-23	25.8621	26.6281	25.5543	26.1829	3093522
2014-06-24	26.2680	27.1323	25.4692	25.6395	4278706
2014-06-25	25.7246	26.6412	25.6329	26.4186	2938670
2014-06-26	26.7918	26.9620	26.4382	26.5888	2496847
2014-06-27	26.8245	27.5447	26.7329	26.8835	8942891
2014-06-30	27.0406	27.2567	26.6707	26.8311	3379948
2014-07-01	27.0275	27.2436	26.3276	26.5168	3115959
2014-07-02	26.5626	26.9424	26.2025	26.5103	2139317
2014-07-03	26.5037	26.6281	25.8686	26.1240	1771052
2014-07-07	26.0978	26.4382	25.1419	25.2270	2329213
2014-07-08	25.2466	25.3252	23.4657	24.2645	7366451
2014-07-09	24.5853	25.2008	24.1794	25.1615	3142897
2014-07-10	24.2252	25.2270	23.9241	24.9847	2176546
2014-07-11	25.2270	25.4300	24.9651	25.2401	1779377
2014-07-14	25.7180	25.7180	25.0849	25.3776	1885012
2014-07-15	25.3317	25.7049	24.7032	24.9454	1853007
2014-07-16	25.1484	25.2859	24.7491	25.1091	1482300
2014-07-17	25.1091	25.6591	24.5591	24.6770	2508274
2014-07-18	24.7097	25.4660	24.5461	25.4561	2477742
2014-07-21	25.1681	25.7508	24.9193	25.4300	1829357
2014-07-22	25.5674	26.0258	25.3841	25.5543	1416872
2014-07-23	25.5543	25.8948	25.1615	25.3121	1735562
2014-07-24	25.3252	25.5871	24.8538	24.9389	1556557
2014-07-25	24.9062	25.0829	24.5591	24.6181	1841406
2014-07-28	24.9127	25.3579	24.8276	25.2466	1851335
2014-07-29	25.2270	25.4823	24.7848	24.8531	1876652
2014-07-30	25.1419	25.1877	24.7818	25.0371	1360130
2014-07-31	25.0371	25.1811	24.0157	24.0484	3754071
2014-08-01	23.4134	23.5050	21.8878	22.4967	5434325
2014-08-04	22.4640	22.5818	21.7438	22.2479	2756420
2014-08-05	22.2610	22.5688	21.4950	21.7765	2349890
2014-08-06	21.4753	21.9337	21.3044	21.5539	1730588
2014-08-07	21.8944	22.9747	21.8813	22.3461	3268911
2014-08-08	22.4116	22.6866	22.2676	22.5949	1812396
2014-08-11	22.7914	23.3610	22.7914	23.1318	2134594
2014-08-12	23.1122	23.1646	22.3985	22.5949	2135693
2014-08-13	22.9158	23.0991	22.5688	23.0009	2812207
2014-08-14	23.0402	23.3217	22.8503	23.1253	1362767
2014-08-15	23.1646	23.5639	23.1187	23.4330	1466673
2014-08-18	23.6360	24.1270	23.4847	24.1270	1545374
2014-08-19	24.1270	24.6836	24.1270	24.4675	1761460
2014-08-20	24.2842	24.9454	24.2252	24.8603	1528133
2014-08-21	24.7097	25.0240	24.4020	24.5330	1323947
2014-08-22	24.5002	24.7359	24.1074	24.6246	953584
2014-08-25	24.8538	25.0240	24.6704	24.7687	1217328
2014-08-26	24.8669	25.0196	24.6181	24.7883	981506
2014-08-27	24.7949	25.0109	24.5264	24.8865	1138722
2014-08-28	24.6704	25.1942	24.5657	24.9127	1126972
2014-08-29	24.9258	25.1589	24.8341	25.0240	901131
2014-09-02	25.0109	25.3383	24.8669	25.1419	1569728
2014-09-03	25.3252	25.6788	25.2073	25.5347	1965805
2014-09-04	25.5347	25.8293	25.0895	25.1746	1531922
2014-09-05	25.1550	25.5347	24.8407	25.4954	937776
2014-09-08	25.4234	26.1567	25.3514	25.7508	2320647
2014-09-09	25.5674	25.8105	24.9323	24.9454	1297278
2014-09-10	25.0044	25.0960	24.5657	24.8800	1462390
2014-09-11	24.7228	25.0175	24.5395	24.6836	1529218
2014-09-12	24.7163	25.3121	24.6574	24.9258	1510117
2014-09-15	24.8931	24.9650	23.9110	24.0354	1555373
2014-09-16	24.0354	24.1532	23.6229	24.1205	1402954
2014-09-17	24.3758	24.8407	24.3758	24.6181	1361241
2014-09-18	24.6836	25.0698	24.5526	24.6377	1616750
2014-09-19	24.7097	24.7425	23.6870	24.0157	2179085
2014-09-22	23.8782	23.9895	22.8372	22.8634	1866499
2014-09-23	22.6408	23.3544	22.5884	23.0205	1358237
2014-09-24	23.2169	23.7846	23.1253	23.5378	1947155
2014-09-25	23.4854	23.6360	23.0598	23.5116	1745405
2014-09-26	23.5378	23.6851	23.2431	23.6425	1414798
2014-09-29	23.2628	23.5803	23.1122	23.3348	1558062
2014-09-30	23.3479	23.4134	22.0908	22.1825	2723678
2014-10-01	21.9598	22.0908	21.2265	21.3313	2778153
2014-10-02	21.2986	21.5932	20.6176	21.3182	2729675
2014-10-03	22.1366	22.6146	21.7634	21.9402	2816900
2014-10-06	22.3658	22.3658	21.1742	21.4164	1885724
2014-10-07	21.1349	21.3444	20.6438	20.6569	1548926
2014-10-08	20.5914	21.0694	19.8189	21.0367	2848535
2014-10-09	21.0039	21.0105	19.1772	19.2099	3444709
2014-10-10	18.9939	19.6945	18.1427	18.6534	4110771
2014-10-13	19.1052	19.2492	17.5993	17.6648	3107538
2014-10-14	17.9725	18.5487	17.3701	18.0052	3695096
2014-10-15	17.5142	18.8826	17.4160	18.5880	2808065
2014-10-16	18.0052	19.4587	17.9005	18.9284	2771954
2014-10-17	19.4784	19.8581	19.0921	19.2558	2404183
2014-10-20	19.2623	20.0349	19.0659	19.8712	2016841
2014-10-21	20.1724	20.8206	20.0611	20.7944	2032813
2014-10-22	20.8599	21.2920	19.8516	19.9629	2115971
2014-10-23	20.2248	20.7093	20.0807	20.4343	1102799
2014-10-24	20.3034	20.5391	20.0807	20.4671	1043779
2014-10-27	20.4081	20.4081	19.6879	19.7730	1589007
2014-10-28	20.0153	20.5063	19.6421	20.1855	3720976
2014-10-29	20.2968	20.6242	19.2558	19.8451	3069876
2014-10-30	19.8909	19.9367	19.2361	19.3802	2914554
2014-10-31	19.8385	21.1873	19.6421	20.8468	3915228
2014-11-03	20.8075	21.4884	20.6176	21.1349	1810038
2014-11-04	20.8599	21.1283	20.0415	20.5325	2526464
2014-11-05	20.6373	20.7355	19.9367	20.0873	1733390
2014-11-06	20.0153	20.3426	19.6617	19.8516	3127507
2014-11-07	19.6224	19.8843	19.2787	19.7861	1979856
2014-11-10	19.7861	20.1004	19.6421	19.9040	1401549
2014-11-11	19.8254	19.9564	19.0921	19.2296	2720846
2014-11-12	19.3409	19.4587	18.8237	19.0856	2107641
2014-11-13	18.7647	18.7647	17.5469	18.3850	8477486
2014-11-14	18.1689	18.2016	17.6059	18.0183	4331349
2014-11-17	17.7499	18.5945	17.5273	17.9398	5604429
2014-11-18	18.1820	18.8695	18.1100	18.5487	3355235
2014-11-19	18.4439	18.8498	18.2933	18.3850	2137394
2014-11-20	18.1820	19.1379	17.9136	19.0463	2242004
2014-11-21	19.4587	19.5635	19.0201	19.2558	1775860
2014-11-24	19.3605	19.5963	19.0004	19.1445	1755518
2014-11-25	19.1903	19.2061	18.7484	19.0659	2266281
2014-11-26	19.0397	19.3213	18.8892	19.2689	862912
2014-11-28	18.8891	18.9088	18.0183	18.4374	1409048
2014-12-01	18.1755	18.2148	16.6827	16.9184	3839334
2014-12-02	17.0166	17.0893	16.7612	16.8922	2005409
2014-12-03	16.9969	17.4487	16.9577	17.2719	1481875
2014-12-04	17.2981	17.4454	16.8594	17.0035	2146792
2014-12-05	17.0297	17.2392	16.6925	16.9315	2867144
2014-12-08	16.8398	16.9701	15.5402	15.7530	3436183
2014-12-09	15.4583	16.0410	15.1833	16.0083	3358688
2014-12-10	15.8904	16.0345	15.3568	15.5631	2276266
2014-12-11	15.6286	15.9232	15.3339	15.3666	1625301
2014-12-12	15.0589	15.5794	15.0524	15.0982	2101682
2014-12-15	15.2553	15.4845	14.8952	15.2292	1734616
2014-12-16	15.4256	16.0692	15.2881	15.5238	3235236
2014-12-17	15.5369	16.1065	15.4190	16.0214	2056126
2014-12-18	16.6368	16.8922	16.4011	16.8202	3109702
2014-12-19	16.8398	16.8922	16.6368	16.8594	1957936
2014-12-22	16.8464	17.1475	16.5125	17.0853	1879381
2014-12-23	17.1410	17.1803	16.8071	16.9904	1282590
2014-12-24	16.9839	17.0886	16.7612	17.0297	574990
2014-12-26	17.1083	17.3963	17.0428	17.2326	1024271
2014-12-29	17.1672	17.5142	16.8987	17.1083	1133067
2014-12-30	16.8923	17.0035	16.7089	16.8464	1591588
2014-12-31	16.9249	17.0559	16.5976	16.9118	1212370
2015-01-02	17.0362	17.1275	16.4601	16.8333	1156755
2015-01-05	16.5976	16.6565	15.8872	15.9952	2214693
2015-01-06	15.9821	15.9952	15.1587	15.2881	2558994
2015-01-07	15.5172	15.6482	15.3077	15.6154	1433908
2015-01-08	15.7399	16.8431	15.7268	16.8071	2943618
2015-01-09	16.8398	16.8922	16.4175	16.6958	1285315
2015-01-12	16.5779	16.7547	16.1196	16.7023	1533660
2015-01-13	17.3374	18.0052	17.0690	17.3963	4771831
2015-01-14	17.1213	17.7172	17.0231	17.5960	3254821
2015-01-15	17.7695	17.9267	16.0410	16.0607	4133875
2015-01-16	16.0738	16.1982	15.6384	16.0476	3002821
2015-01-20	16.1065	16.1982	15.4518	15.5827	2275199
2015-01-21	15.5500	16.1458	15.4910	15.9494	2152913
2015-01-22	16.0345	16.1000	15.6482	15.9952	1294510
2015-01-23	16.0148	16.2833	15.8224	16.1294	1592630
2015-01-26	16.0803	16.6368	16.0443	16.5845	1356917
2015-01-27	16.2374	16.6565	16.0607	16.6106	1594356
2015-01-28	16.8071	16.8202	15.7988	15.8577	2999530
2015-01-29	15.9035	16.1000	15.2488	15.7006	1981321
2015-01-30	16.0345	16.3029	15.6547	15.7922	1990565
2015-02-02	15.9166	16.9380	15.9101	16.8660	2536702
2015-02-03	17.1279	18.2933	17.1083	17.9398	4038187
2015-02-04	17.7237	17.9005	17.4029	17.6222	2249940
2015-02-05	17.7826	17.8808	17.4094	17.7368	1658797
2015-02-06	17.9070	17.9070	17.4684	17.5535	1773732
2015-02-09	17.4946	17.8678	17.3505	17.6451	1838219
2015-02-10	17.7695	17.8416	17.2261	17.7630	1929017
2015-02-11	17.6844	18.0838	17.5207	17.9529	2305844
2015-02-12	18.0707	18.7254	18.0707	18.4799	2504259
2015-02-13	18.6927	18.7516	18.3662	18.5290	2031852
2015-02-17	18.5814	18.6960	18.2344	18.6502	2020399
2015-02-18	18.6011	18.8760	18.3130	18.3981	2074104
2015-02-19	17.9463	18.4439	17.8024	17.9234	2322985
2015-02-20	18.4505	18.6207	17.9201	18.3523	3252158
2015-02-23	18.2737	18.5094	18.0314	18.2017	3601298
2015-02-24	21.1480	21.7131	20.6373	21.4753	12928742
2015-02-25	21.7111	21.7700	20.9254	21.5212	4603646
2015-02-26	21.3509	21.3804	20.8056	20.9908	2754278
2015-02-27	20.7224	21.5670	20.6962	21.3837	3117609
2015-03-02	21.0039	21.9009	21.0039	21.9009	2747077
2015-03-03	21.8093	22.1694	21.5212	21.8224	2331516
2015-03-04	21.5801	21.9251	21.4708	21.6390	2071801
2015-03-05	21.7503	22.1366	21.5277	21.9991	2696670
2015-03-06	21.9271	22.4182	21.7962	21.9729	2558091
2015-03-09	21.9729	22.0777	21.5474	21.7176	1916681
2015-03-10	21.5474	21.6063	21.0236	21.1414	2096820
2015-03-11	21.2396	21.5866	21.1218	21.3673	2220713
2015-03-12	21.2396	21.4819	21.1218	21.4230	1269557
2015-03-13	21.1349	21.4295	20.8264	21.1218	1704421
2015-03-16	21.2462	21.3182	20.8795	21.2756	1372412
2015-03-17	21.1414	21.6718	21.0825	21.5736	1512387
2015-03-18	21.2789	21.8355	21.2789	21.7111	1843967
2015-03-19	21.5605	21.9795	21.5081	21.6652	1088581
2015-03-20	21.7634	21.8616	21.4361	21.5212	1243093
2015-03-23	21.5408	21.7700	21.4950	21.5932	1351756
2015-03-24	21.5474	22.1039	21.4753	21.6390	1614011
2015-03-25	21.7962	21.9009	20.8141	20.8206	1789491
2015-03-26	20.7420	20.8861	20.4278	20.7355	1608975
2015-03-27	20.6962	20.9137	20.4409	20.7420	901701
2015-03-30	20.8926	20.9908	20.5587	20.5914	1073537
2015-03-31	20.4671	20.6045	20.3099	20.4998	1383323
2015-04-01	20.6242	20.6831	20.0938	20.2117	2521507
2015-04-02	20.2379	20.8010	20.2313	20.6045	1306061
2015-04-06	20.5325	21.1938	20.5195	20.9712	1190070
2015-04-07	20.9254	21.3902	20.9123	20.9450	1149831
2015-04-08	20.9646	21.1218	20.7551	20.8795	934173
2015-04-09	20.8337	21.4295	20.8337	21.3640	1104980
2015-04-10	21.4230	21.6325	21.2593	21.4786	964760
2015-04-13	21.5408	21.7176	21.2135	21.2789	784787
2015-04-14	21.3837	21.4361	20.9581	21.3706	818007
2015-04-15	21.4688	21.9664	21.2396	21.8551	1313215
2015-04-16	22.3985	22.7514	21.9926	22.4313	2831090
2015-04-17	22.4444	22.7128	22.1628	22.3723	1945229
2015-04-20	22.6015	22.6277	22.2283	22.2938	1594693
2015-04-21	22.3003	22.7390	22.3003	22.5622	1433827
2015-04-22	22.5360	22.9158	22.4574	22.7455	1221070
2015-04-23	22.6801	22.9878	22.5426	22.8176	1157752
2015-04-24	22.8568	22.8765	22.1956	22.2414	1205906
2015-04-27	22.2676	22.6015	21.9991	22.0384	1015719
2015-04-28	21.9337	22.2217	21.7045	22.1301	1173549
2015-04-29	21.9533	22.0646	21.5081	21.7831	1730094
2015-04-30	21.7111	21.8878	20.8926	21.0759	2410196
2015-05-01	20.1200	21.3117	19.9956	20.9843	3432761
2015-05-04	21.1152	21.4950	20.9712	21.2331	1962043
2015-05-05	21.2004	21.7700	21.0563	21.1152	2138288
2015-05-06	20.9908	21.1742	20.5001	20.6962	1687531
2015-05-07	20.6962	21.0825	20.5587	21.0170	1215231
2015-05-08	21.2135	21.5146	21.1152	21.3182	983908
2015-05-11	21.3968	21.7372	21.2920	21.5212	1205774
2015-05-12	21.3837	21.4963	20.8926	21.1414	1274510
2015-05-13	20.9777	21.3443	20.9777	21.2135	1032212
2015-05-14	21.3444	21.3706	20.9221	20.9974	993304
2015-05-15	20.9646	21.1447	20.7420	21.1218	1198410
2015-05-18	21.0956	21.3182	20.8861	21.2004	832604
2015-05-19	21.1087	21.1807	20.4998	20.6307	1588864
2015-05-20	20.5914	20.8468	20.4409	20.5980	946925
2015-05-21	20.6176	21.2200	20.6144	21.1414	988254
2015-05-22	20.9646	21.4885	20.8271	21.3837	1495937
2015-05-26	21.1545	21.2200	20.6242	20.7551	1725117
2015-05-27	20.7355	20.7879	20.2444	20.5849	1184906
2015-05-28	20.5063	20.6569	20.1659	20.4801	794664
2015-05-29	20.4409	20.5063	19.8811	19.8974	1290280
2015-06-01	19.9040	19.9629	19.4587	19.6617	1285662
2015-06-02	19.6552	20.3885	19.5635	20.1790	1426116
2015-06-03	20.2117	20.5849	20.2117	20.2772	859722
2015-06-04	20.1659	20.3099	19.8778	20.0546	961380
2015-06-05	19.8974	20.6045	19.7403	20.5391	1271862
2015-06-08	20.4736	20.6242	19.9498	20.0480	827074
2015-06-09	20.0087	20.1790	19.5504	19.6486	1347514
2015-06-10	19.8516	21.0825	19.6748	20.6766	2198293
2015-06-11	20.6700	21.0367	20.4474	20.9908	947053
2015-06-12	20.8271	21.1873	20.7028	21.0039	996050
2015-06-15	20.7879	21.5997	20.6897	21.4623	1577479
2015-06-16	21.3444	21.5015	21.0891	21.2920	890650
2015-06-17	21.3444	21.7962	21.0825	21.2560	1323213
2015-06-18	21.2855	21.5343	21.0825	21.3182	1005073
2015-06-19	21.1938	21.5127	20.6831	20.7289	1866144
2015-06-22	20.7551	20.9450	20.6307	20.7486	1021399
2015-06-23	20.4671	21.1028	20.4539	21.0629	1013511
2015-06-24	21.0432	21.1446	20.5784	20.6242	835108
2015-06-25	20.6766	20.7289	20.2444	20.2706	889655
2015-06-26	20.2772	20.2772	19.6421	19.7534	1297974
2015-06-29	19.0790	19.6355	18.7220	18.8106	1527150
2015-06-30	18.9219	19.0515	18.4766	18.6011	1538616
2015-07-01	18.7909	18.9808	18.1296	18.2671	1486245
2015-07-02	18.3326	18.4439	17.8219	17.9987	1392373
2015-07-06	17.8416	17.8808	17.2850	17.5666	1884516
2015-07-07	17.5535	17.8874	16.6958	17.6713	2666781
2015-07-08	17.3374	17.6910	16.9511	17.0362	1812824
2015-07-09	17.6517	17.8023	16.8922	17.0100	1755195
2015-07-10	17.2523	17.3898	17.0800	17.2130	1122478
2015-07-13	17.2850	17.8088	17.1541	17.6648	1665215
2015-07-14	18.1231	18.8826	18.0773	18.3523	3068178
2015-07-15	18.5225	18.5225	17.6779	17.7892	1681530
2015-07-16	18.0511	18.1166	17.4422	17.6844	992385
2015-07-17	17.7172	17.8285	17.3832	17.4946	927384
2015-07-20	17.7499	17.8481	17.1934	17.2326	1774345
2015-07-21	17.1803	17.3374	16.8660	17.0100	1653547
2015-07-22	16.8987	17.0952	16.6179	16.8136	1387680
2015-07-23	16.9904	17.2130	16.7481	16.7809	1350902
2015-07-24	16.9511	17.0100	16.5059	16.6630	1209635
2015-07-27	16.4142	16.5976	16.0541	16.4404	1606878
2015-07-28	16.9904	17.0231	16.3357	16.8005	3257481
2015-07-29	17.1672	18.9873	17.1475	18.4897	5486754
2015-07-30	18.5356	18.8826	18.2344	18.5880	2138501
2015-07-31	18.5618	18.5618	17.5731	17.6975	1863145
2015-08-03	17.7172	17.9725	17.1901	17.3505	1618686
2015-08-04	17.3047	17.5993	17.0886	17.4946	1123757
2015-08-05	18.1427	18.6272	17.9921	18.0511	2410670
2015-08-06	18.0838	18.1034	17.0428	17.0821	2778154
2015-08-07	17.0362	17.1836	16.3029	16.4273	2091438
2015-08-10	16.5845	17.1115	16.5517	17.0493	1416473
2015-08-11	16.8594	17.0231	16.1261	16.3226	1655914
2015-08-12	16.1065	16.5255	15.6644	16.3684	1915971
2015-08-13	16.4208	16.8333	16.0018	16.0410	921206
2015-08-14	16.1261	16.5828	16.0410	16.4273	1501427
2015-08-17	16.2374	16.6238	15.9886	16.5386	1082608
2015-08-18	16.4666	16.8594	16.1196	16.2440	1662239
2015-08-19	15.9690	16.2028	15.4256	15.9952	2008872
2015-08-20	15.7857	15.8086	15.2619	15.2815	1454918
2015-08-21	15.0786	15.3012	14.2078	14.2209	2322575
2015-08-24	12.5644	15.1506	11.9489	14.6006	2878913
2015-08-25	15.2030	15.6875	14.8952	14.9018	1941868
2015-08-26	15.3928	15.4649	13.9983	14.6268	2600049
2015-08-27	14.9934	15.6286	14.7970	15.6286	2063155
2015-08-28	15.5041	16.4011	15.4583	15.9232	1602878
2015-08-31	15.7726	16.2374	15.5172	15.8839	987631
2015-09-01	15.0917	15.7202	14.8756	14.9411	1448893
2015-09-02	15.2488	15.2488	14.5875	15.0262	1095637
2015-09-03	15.0393	15.9297	14.9018	15.4910	1336712
2015-09-04	15.1637	15.3797	14.9149	14.9804	1056836
2015-09-08	15.3143	15.7988	15.1506	15.7726	1039896
2015-09-09	16.0934	16.2833	15.5172	15.5696	915342
2015-09-10	15.4190	15.7202	15.1899	15.2226	1042822
2015-09-11	15.0393	15.3994	14.8560	15.1768	758704
2015-09-14	15.1375	15.1604	14.6464	14.8756	778721
2015-09-15	14.8625	15.4059	14.8625	15.3536	819941
2015-09-16	15.3012	15.8872	15.2946	15.6613	793767
2015-09-17	15.6416	16.0997	15.3863	15.7137	880607
2015-09-18	15.4583	15.6744	15.1571	15.2161	1003022
2015-09-21	15.2161	15.5238	15.1244	15.2881	816736
2015-09-22	14.9804	14.9869	14.2962	14.6726	1315430
2015-09-23	14.6661	14.8363	14.1194	14.1488	1209841
2015-09-24	13.9197	14.1554	13.3108	13.9655	1534871
2015-09-25	14.1947	14.2863	13.4878	13.7167	1014275
2015-09-28	13.6120	13.6120	12.4105	12.5185	1753963
2015-09-29	12.5906	12.9376	12.2959	12.5840	1836049
2015-09-30	12.7608	13.2879	12.7608	13.1209	1435611
2015-10-01	13.1733	13.5399	13.0489	13.3173	1932588
2015-10-02	13.1144	14.1554	13.0554	14.0899	1962214
2015-10-05	14.2601	15.0851	14.2471	14.9149	1576849
2015-10-06	14.9607	15.3797	14.7774	15.2881	1222098
2015-10-07	15.5696	16.1982	15.2488	15.9232	2026759
2015-10-08	15.8119	16.5714	15.6089	16.5124	1359149
2015-10-09	16.5190	16.6958	16.0410	16.3553	996319
2015-10-12	16.3684	16.3749	15.8643	16.1982	680294
2015-10-13	16.0083	16.5321	15.9429	16.0410	750621
2015-10-14	16.1131	16.5779	16.0744	16.3815	776589
2015-10-15	16.4535	16.4862	15.8315	16.2833	1033286
2015-10-16	16.3749	16.6434	15.8446	16.0738	1130301
2015-10-19	15.9756	16.3553	15.6482	15.8773	788858
2015-10-20	15.8381	16.2571	15.6744	15.9494	587833
2015-10-21	16.0018	16.0279	15.4976	15.5172	550918
2015-10-22	15.6940	15.8839	15.3797	15.6286	697986
2015-10-23	15.7333	16.4208	15.4910	16.3684	1111087
2015-10-26	16.5124	16.6303	16.0934	16.1916	832090
2015-10-27	16.0279	16.0541	15.3732	15.5696	701221
2015-10-28	15.6351	16.2764	15.4583	16.1196	1564927
2015-10-29	17.1868	18.2540	17.0755	17.9136	3509702
2015-10-30	17.8088	17.9528	17.3047	17.5731	1451593
2015-11-02	17.5928	18.1166	17.4160	17.9529	1358374
2015-11-03	17.9005	18.2540	17.7997	18.0052	1163719
2015-11-04	17.9725	18.2671	17.6975	18.2017	851507
2015-11-05	18.0380	18.3195	17.6779	17.9660	785576
2015-11-06	18.1493	18.8433	17.9136	18.8171	1578746
2015-11-09	19.3147	19.3147	18.0707	18.3915	1063672
2015-11-10	18.2344	18.4275	16.8594	17.1606	1509795
2015-11-11	17.2785	17.2785	16.3880	16.7743	942528
2015-11-12	16.7940	17.4225	16.3029	16.3226	1410270
2015-11-13	16.2309	16.4928	15.1702	15.2946	2818190
2015-11-16	15.1899	15.7202	14.8363	15.7006	1753018
2015-11-17	15.7791	15.9494	14.5155	14.6399	1758427
2015-11-18	14.7643	15.5631	14.5417	15.4910	1405982
2015-11-19	15.2881	15.3666	14.9280	15.0131	825209
2015-11-20	15.0589	15.3470	14.6988	15.1899	1101015
2015-11-23	15.0655	15.3470	14.7381	15.1506	1632868
2015-11-24	15.0720	15.8184	14.9476	15.7660	915861
2015-11-25	15.6678	15.8119	15.5238	15.5500	505534
2015-11-27	15.5172	15.8839	15.4649	15.6940	362664
2015-11-30	15.7399	16.0934	15.6351	15.6875	974699
2015-12-01	15.6482	16.4666	15.5500	16.4404	1169411
2015-12-02	16.3815	17.4814	16.3160	17.1344	2443437
2015-12-03	17.3636	18.3784	17.2326	17.7630	2577788
2015-12-04	17.6059	17.7564	17.1737	17.4684	1702089
2015-12-07	17.3505	17.8939	17.1574	17.2719	1389013
2015-12-08	16.7743	17.1606	15.9559	16.4339	1612816
2015-12-09	16.3684	16.3684	14.7872	15.0851	5346385
2015-12-10	14.3125	14.9343	14.0768	14.6595	5448086
2015-12-11	14.3846	14.5875	14.0703	14.0965	1803196
2015-12-14	14.3584	15.5303	13.7495	15.2488	4332291
2015-12-15	15.5238	16.3946	15.0982	15.9886	3078029
2015-12-16	17.5404	18.8891	17.4684	18.2737	7842833
2015-12-17	18.8760	18.8760	17.8416	18.1100	3409781
2015-12-18	18.0511	18.8433	17.7237	18.7451	3594961
2015-12-21	19.3147	19.9171	18.8975	19.6683	3207542
2015-12-22	19.4326	19.6683	18.6796	19.5701	2115655
2015-12-23	19.6486	20.0421	19.5046	19.9498	1572144
2015-12-24	19.9629	20.3623	19.8581	20.1462	861538
2015-12-28	19.9694	20.0218	19.1969	19.8516	877231
2015-12-29	20.0218	20.1200	19.5308	19.9891	1313181
2015-12-30	19.8843	20.1331	19.7010	19.8909	919533
2015-12-31	19.6421	19.9629	19.5439	19.6486	1052051
2016-01-04	19.1314	19.8843	18.8695	19.8778	2100659
2016-01-05	19.8254	20.0218	19.3016	19.9433	2128969
2016-01-06	19.6617	19.7599	18.5749	18.8106	2118138
2016-01-07	17.9660	18.3195	16.9511	17.1475	3253599
2016-01-08	17.6124	17.9653	16.9184	17.0166	1845431
2016-01-11	17.1083	17.1973	16.2374	16.5190	1810872
2016-01-12	16.7416	17.0100	15.5598	15.9166	2214275
2016-01-13	16.1065	16.5452	15.0720	15.3274	2256775
2016-01-14	15.4059	15.4498	14.5220	15.2619	2093195
2016-01-15	14.6137	15.0262	13.9983	14.8690	1957038
2016-01-19	15.2423	15.5172	14.2536	14.2994	2207168
2016-01-20	13.8870	14.6133	12.8852	14.3715	3049403
2016-01-21	14.7381	15.7660	14.4107	14.9869	2370855
2016-01-22	15.6613	16.3160	15.4190	16.0803	2695798
2016-01-25	16.0018	16.3357	15.5565	15.5827	1398370
2016-01-26	15.7464	16.0083	15.3928	15.8250	1577243
2016-01-27	15.7137	16.4273	15.4321	15.6809	1672696
2016-01-28	15.9886	16.2701	15.2423	15.5631	1240216
2016-01-29	15.5500	16.6827	15.5500	16.6565	1937766
2016-02-01	16.3619	16.8038	15.9166	16.6761	1290499
2016-02-02	16.4535	16.4535	15.9166	16.0148	919855
2016-02-03	16.1982	16.3880	15.5303	16.2898	1236894
2016-02-04	16.2374	17.2130	16.2244	16.7940	1497551
2016-02-05	16.6041	16.7874	16.0803	16.1196	1024835
2016-02-08	16.0869	16.0869	14.6334	15.3208	1690781
2016-02-09	14.6988	15.4125	14.4042	15.0327	1902266
2016-02-10	14.1096	14.6530	13.9001	14.3322	2215331
2016-02-11	13.9917	14.1056	13.0947	13.3435	2705458
2016-02-12	13.5989	14.0375	13.0292	13.9066	1792111
2016-02-16	14.3780	15.5434	14.3453	15.4190	2458126
2016-02-17	15.5762	16.0018	15.4583	15.7530	2220476
2016-02-18	16.0803	16.4992	14.5482	14.9542	3918499
2016-02-19	14.5679	14.6988	13.4614	13.8411	4109129
2016-02-22	14.0441	14.4435	13.8608	14.3256	1663076
2016-02-23	14.0834	14.1881	13.3566	13.4548	2696074
2016-02-24	13.3894	14.9214	13.2126	14.8690	2883482
2016-02-25	14.7447	15.1375	14.3715	14.8363	1521464
2016-02-26	15.1899	15.7922	14.7365	14.8036	1888480
2016-02-29	14.8756	15.8773	14.6988	15.4649	1839138
2016-03-01	15.6154	15.9428	15.2030	15.5041	1334886
2016-03-02	15.5434	15.8119	15.2881	15.7726	1274946
2016-03-03	15.6547	15.8773	15.3339	15.6940	1433559
2016-03-04	15.7071	16.5583	15.5893	16.1851	1946336
2016-03-07	16.0410	16.3684	15.6286	15.8577	1684751
2016-03-08	15.6089	15.8250	14.6792	14.7512	3184579
2016-03-09	14.9673	15.1768	14.5810	15.0458	907143
2016-03-10	15.0327	15.1571	14.5679	14.9411	1132175
2016-03-11	15.2881	15.4518	15.0589	15.3339	1437571
2016-03-14	15.2423	15.6744	15.0917	15.5172	904544
2016-03-15	15.3274	15.4779	15.0720	15.2946	1059560
2016-03-16	15.3012	16.1523	15.2292	15.9821	2351980
2016-03-17	16.0410	16.3684	15.8053	16.1982	1775823
2016-03-18	16.2244	16.3684	15.6154	15.6220	1738362
2016-03-21	15.7988	15.7988	15.2946	15.7071	1219686
2016-03-22	15.6089	15.6482	15.3012	15.4910	1329018
2016-03-23	15.3797	15.3925	14.2863	14.3191	2590064
2016-03-24	14.0965	14.5220	13.8346	14.3715	1883896
2016-03-28	14.4042	14.5548	13.9524	14.3649	1984541
2016-03-29	14.2012	14.9083	13.9590	14.7512	1443022
2016-03-30	14.8560	15.2553	14.7119	14.7316	1342273
2016-03-31	14.6661	14.8167	14.4893	14.6268	1072654
2016-04-01	14.4697	14.7774	14.1816	14.7250	1734204
2016-04-04	14.6006	14.7839	13.8608	13.8608	2174612
2016-04-05	13.7036	14.2863	13.5792	13.9786	3802203
2016-04-06	14.0506	14.1750	13.6316	14.0834	2034785
2016-04-07	13.9721	14.2405	13.8018	14.0048	1484074
2016-04-08	14.2471	14.4860	13.8522	13.9852	1494293
2016-04-11	14.1357	14.2340	13.7298	13.7887	1005015
2016-04-12	13.7233	13.9328	13.5530	13.7822	1413572
2016-04-13	13.8149	14.3322	13.8149	14.1816	1726152
2016-04-14	14.1947	14.2457	13.8280	14.0506	1117987
2016-04-15	13.9852	13.9983	13.5989	13.7233	1737539
2016-04-18	13.6316	14.1816	13.4993	13.9786	1594565
2016-04-19	14.0899	14.2078	13.7298	13.9001	1215801
2016-04-20	13.9328	14.5417	13.8392	14.1816	1505567
2016-04-21	14.2340	14.4042	13.9983	14.0506	1386679
2016-04-22	14.0441	14.4908	13.9393	14.1816	1248739
2016-04-25	14.1423	14.4042	13.9132	14.0310	1473546
2016-04-26	14.1357	14.3911	14.0179	14.3584	1307617
2016-04-27	14.2798	14.6334	14.2798	14.4631	1314353
2016-04-28	14.1423	14.3846	13.7364	13.7822	1523756
2016-04-29	13.8149	13.8149	13.0489	13.1864	2706230
2016-05-02	13.2257	13.2990	12.5382	12.7084	2147537
2016-05-03	12.5840	12.6102	11.7983	12.0013	2976561
2016-05-04	11.9817	12.2501	11.5430	11.7198	2286638
2016-05-05	11.8442	12.0341	11.2222	11.2811	2810451
2016-05-06	11.1305	12.2763	10.9996	11.3859	4196903
2016-05-09	11.5495	11.5495	10.8719	11.0323	2611536
2016-05-10	10.8031	11.1502	10.5478	10.8686	2835598
2016-05-11	10.9930	11.8376	10.7639	11.3597	2931739
2016-05-12	11.3793	11.7132	10.6656	10.7639	3024099
2016-05-13	10.7639	11.0781	10.6525	10.8752	2599260
2016-05-16	10.9210	11.2484	10.8752	10.9472	2003430
2016-05-17	10.9145	11.0258	10.6918	10.7180	1596875
2016-05-18	10.6722	11.0192	10.5609	10.6525	2050631
2016-05-19	10.5805	10.6525	9.9782	10.0306	4049810
2016-05-20	10.0829	10.4332	9.9194	10.4169	2270164
2016-05-23	10.4103	10.9721	10.4103	10.8555	2298079
2016-05-24	11.0061	11.2124	10.9145	11.1567	1976115
2016-05-25	11.2353	11.5823	11.1894	11.5037	2243676
2016-05-26	11.5234	11.5234	11.0127	11.1960	1829311
2016-05-27	11.2091	11.4710	11.1763	11.3007	1023564
2016-05-31	11.3924	11.5365	11.2811	11.4775	1759098
2016-06-01	11.4710	11.6150	11.2680	11.5495	1413052
2016-06-02	11.4251	11.5234	11.3138	11.3924	1195749
2016-06-03	11.3466	11.3842	10.7639	10.7704	2771561
2016-06-06	10.8752	11.4317	10.8097	11.4186	2379201
2016-06-07	11.4513	11.5213	11.1240	11.2942	1646953
2016-06-08	11.3335	11.5004	11.1829	11.3793	1366471
2016-06-09	11.2942	11.2942	10.9865	11.0323	1161340
2016-06-10	10.8097	10.8686	10.1615	10.2139	2489769
2016-06-13	10.1288	10.2204	9.8210	9.9716	2383756
2016-06-14	10.0175	10.2443	9.6770	9.9062	3136830
2016-06-15	9.9847	10.1615	9.7097	9.7752	2535942
2016-06-16	9.6901	9.7097	9.3365	9.6050	2563615
2016-06-17	9.6705	9.9651	9.6443	9.6901	2223702
2016-06-20	9.8734	10.1615	9.8341	9.8669	1969580
2016-06-21	9.8996	10.0175	9.6050	9.7621	1465020
2016-06-22	9.9192	9.9868	9.6705	9.8276	1567820
2016-06-23	9.9192	10.1288	9.8145	10.1288	1604788
2016-06-24	9.4937	9.7359	9.1106	9.2711	3012986
2016-06-27	9.1270	9.2645	8.7014	8.8324	2620870
2016-06-28	9.0485	9.6639	9.0354	9.6443	2590843
2016-06-29	9.8800	10.1091	9.7759	9.9585	2422068
2016-06-30	10.0109	10.1811	9.8931	10.1419	2436918
2016-07-01	10.0764	10.2302	10.0109	10.1222	1387970
2016-07-05	10.0175	10.0698	9.3693	9.4740	2164047
2016-07-06	9.6966	9.9127	9.3693	9.8145	3277703
2016-07-07	9.8145	9.9978	9.3872	9.4544	2057490
2016-07-08	9.6705	9.8145	9.5984	9.7687	1830034
2016-07-11	9.8538	9.9716	9.7719	9.8079	1845824
2016-07-12	9.9651	10.1157	9.8734	9.9716	1438058
2016-07-13	9.9585	9.9978	9.5657	9.7228	2129336
2016-07-14	9.8734	10.1484	9.8210	10.0698	1995184
2016-07-15	10.1484	10.1484	9.7734	10.0175	1508053
2016-07-18	10.0567	10.4169	9.8865	10.3448	1652349
2016-07-19	10.2925	10.3317	9.9978	10.1091	1584391
2016-07-20	10.1419	10.5740	10.1091	10.5216	2581717
2016-07-21	10.6067	10.7442	10.2669	10.2925	1472885
2016-07-22	10.2335	10.3055	9.9323	10.0633	1459018
2016-07-25	10.0502	10.0600	9.8538	9.9847	1104778
2016-07-26	9.9520	10.2794	9.9258	10.2401	1689360
2016-07-27	10.6395	10.6525	10.0895	10.1353	1786607
2016-07-28	10.1811	10.2925	9.7556	9.7687	1878069
2016-07-29	9.7818	9.8145	9.4937	9.5460	1833945
2016-08-01	9.5853	9.7425	9.3824	9.5068	2653530
2016-08-02	9.5068	9.6115	9.4151	9.5264	1711960
2016-08-03	9.4937	9.7490	9.4257	9.7425	2004156
2016-08-04	9.7687	9.8407	9.4446	9.4675	1670007
2016-08-05	9.5068	9.9520	9.4184	9.8996	2035920
2016-08-08	10.0306	10.2204	9.9913	10.0175	1641648
2016-08-09	10.0829	10.0829	9.6115	9.6770	4534191
2016-08-10	6.9075	7.1890	6.6456	6.7503	22608811
2016-08-11	6.7831	7.0515	6.5801	6.9598	9990625
2016-08-12	6.8878	7.1039	6.8158	7.1039	3973556
2016-08-15	7.0777	7.0842	6.9149	7.0515	3251329
2016-08-16	7.0122	7.1055	6.8813	7.0384	2557132
2016-08-17	6.9467	7.0646	6.6390	6.7831	4313889
2016-08-18	6.8551	6.9729	6.7831	6.8158	2492119
2016-08-19	6.7634	6.9500	6.6914	6.8747	2387108
2016-08-22	6.8289	6.8485	6.6194	6.6848	2466418
2016-08-23	6.6914	6.7831	6.5670	6.5670	2255670
2016-08-24	6.5474	6.6390	6.4622	6.4950	2530159
2016-08-25	6.4295	6.5474	6.2986	6.4426	1930196
2016-08-26	6.4950	6.7438	6.3902	6.4950	3278669
2016-08-29	6.4230	6.6582	6.4230	6.5736	1656361
2016-08-30	6.5670	6.7863	6.5670	6.7307	1973692
2016-08-31	6.7241	6.7438	6.4950	6.5212	2282028
2016-09-01	6.5146	6.6652	6.4950	6.6128	1464380
2016-09-02	6.6456	6.7700	6.6259	6.7503	2198989
2016-09-06	6.7896	6.9402	6.7176	6.8551	1883515
2016-09-07	6.8354	6.9337	6.6783	6.6848	1508048
2016-09-08	6.4360	6.6456	6.3378	6.6259	3662575
2016-09-09	6.5212	6.5539	6.0694	6.0694	4595944
2016-09-12	6.0563	6.1676	5.9057	6.1611	3046096
2016-09-13	6.0694	6.1414	5.7617	5.8075	3198431
2016-09-14	5.7682	5.7879	4.9825	5.0022	10091111
2016-09-15	4.9956	5.1069	4.8254	5.0546	6341128
2016-09-16	4.9433	5.0546	4.8221	4.9302	5828947
2016-09-19	4.9760	5.1724	4.9695	5.1266	3667007
2016-09-20	5.1462	5.3688	5.1069	5.3492	3116738
2016-09-21	5.3296	5.4703	5.1921	5.2706	3511029
2016-09-22	5.3426	5.4867	5.3165	5.4016	2853549
2016-09-23	5.3688	5.7224	5.3426	5.5784	3989006
2016-09-26	5.5391	5.6373	5.4016	5.4147	2543880
2016-09-27	5.4016	5.7158	5.4016	5.6962	2964706
2016-09-28	5.7289	5.9516	5.6766	5.9516	2998838
2016-09-29	5.9777	6.1349	5.8533	5.9123	4198363
2016-09-30	5.8861	5.9908	5.6962	5.8403	4786449
2016-10-03	5.8533	5.9483	5.7027	5.7027	2173059
2016-10-04	5.6962	5.7813	5.3819	5.4081	4790692
2016-10-05	5.4474	5.8075	5.4343	5.7879	3980108
2016-10-06	5.8141	5.8697	5.6307	5.8010	1944151
2016-10-07	5.7355	5.7617	5.4212	5.4736	2720141
2016-10-10	5.5391	5.7093	5.4801	5.6176	1986936
2016-10-11	5.5653	5.6307	5.3885	5.3950	1768335
2016-10-12	5.3688	5.3950	5.2183	5.3426	1867119
2016-10-13	5.2379	5.4147	5.2313	5.3688	1735539
2016-10-14	5.4998	5.6078	5.3034	5.4147	3096221
2016-10-17	5.3623	5.6962	5.3623	5.5653	2304827
2016-10-18	5.6569	5.7355	5.5522	5.5915	1354504
2016-10-19	5.6307	5.8769	5.5456	5.8141	1859138
2016-10-20	5.8010	6.0236	5.7289	5.9646	2571045
2016-10-21	5.9319	6.0629	5.8664	5.8861	2221673
2016-10-24	5.8795	5.9516	5.6045	5.6438	2028520
2016-10-25	5.6569	5.7289	5.4736	5.4932	1609207
2016-10-26	5.4474	5.5456	5.3099	5.3361	2574330
2016-10-27	5.4016	5.4212	5.0742	5.0742	2640738
2016-10-28	5.0873	5.1462	4.8909	4.8909	2621458
2016-10-31	4.9040	4.9282	4.7076	4.7403	2035216
2016-11-01	4.7599	4.8712	4.5995	4.6945	1871112
2016-11-02	4.6814	4.7468	4.5949	4.6814	1823325
2016-11-03	4.5897	4.6355	4.1052	4.1903	4571675
2016-11-04	4.2165	4.4784	4.1248	4.3605	2149713
2016-11-07	4.6028	4.7599	4.5242	4.6486	3062418
2016-11-08	4.6224	4.8843	4.5897	4.8058	3232665
2016-11-09	4.1117	4.2885	3.9284	4.1248	7231755
2016-11-10	4.2689	4.4064	4.0528	4.1379	5882788
2016-11-11	4.0070	4.2885	3.9677	4.2558	3497877
2016-11-14	4.3082	4.5701	4.2754	4.5046	3192063
2016-11-15	4.5831	4.7468	4.5177	4.7076	2562184
2016-11-16	4.6748	4.7010	4.5504	4.6879	2116137
2016-11-17	4.4064	4.5766	4.3016	4.5046	3421678
2016-11-18	4.4326	4.5858	4.4227	4.4457	1170253
2016-11-21	4.4391	4.4522	4.2100	4.3278	2380357
2016-11-22	4.3278	4.4391	4.2818	4.3998	1614735
2016-11-23	4.3540	4.5504	4.3082	4.4653	1925355
2016-11-25	4.4588	4.6486	4.4120	4.6028	1365761
2016-11-28	4.5635	4.7076	4.4980	4.6683	2013745
2016-11-29	4.6421	4.6586	4.4784	4.4980	1858056
2016-11-30	4.5831	4.5897	4.3605	4.4260	2240145
2016-12-01	4.4457	4.4980	4.2296	4.2689	2663725
2016-12-02	4.2951	4.4980	4.2623	4.3475	2344272
2016-12-05	4.4129	4.7567	4.3213	4.7272	3675479
2016-12-06	4.6159	4.6159	4.3343	4.5570	4417642
2016-12-07	4.6552	5.4343	4.6159	5.2051	9755937
2016-12-08	5.2183	5.2248	4.9073	4.9695	4247083
2016-12-09	4.9760	5.1724	4.9302	5.0087	2880793
2016-12-12	5.0677	5.1266	4.9105	4.9302	2047969
2016-12-13	4.9563	4.9825	4.7337	4.8123	2652412
2016-12-14	4.7927	4.8385	4.6355	4.7076	2788715
2016-12-15	4.6945	4.7468	4.6290	4.6552	1667306
2016-12-16	4.6879	4.9138	4.6767	4.8843	3151863
2016-12-19	4.9105	5.0284	4.8450	4.9236	2596851
2016-12-20	4.9433	5.0349	4.7861	4.8123	1917062
2016-12-21	4.8450	4.8581	4.6912	4.7207	1489769
2016-12-22	4.7076	4.7305	4.4980	4.6028	2484555
2016-12-23	4.5831	4.5831	4.4588	4.4784	1859821
2016-12-27	4.4718	4.7468	4.4588	4.7403	2600720
2016-12-28	4.7534	4.7927	4.4718	4.5046	2469675
2016-12-29	4.5373	4.6061	4.3933	4.4457	2254438
2016-12-30	4.4457	4.4849	4.2951	4.3278	3306366
2017-01-03	4.3933	4.5046	4.3213	4.4849	3517127
2017-01-04	4.5046	4.7632	4.4986	4.6355	5173566
2017-01-05	4.6355	4.7272	4.5635	4.6683	4745291
2017-01-06	4.6486	4.7337	4.6093	4.6159	1907539
2017-01-09	4.6224	4.7665	4.5701	4.6814	1895283
2017-01-10	4.6879	4.7730	4.6159	4.7403	1806634
2017-01-11	4.8123	5.1134	4.7403	4.9695	5777297
2017-01-12	4.9236	5.0243	4.6879	4.7861	2875098
2017-01-13	4.7927	4.9891	4.7927	4.8778	2152080
2017-01-17	4.8778	4.9695	4.7272	4.7665	2138660
2017-01-18	4.7665	4.7992	4.5602	4.6093	3309677
2017-01-19	4.5897	4.7141	4.4588	4.4980	2916749
2017-01-20	4.5046	4.6159	4.5046	4.5766	1688674
2017-01-23	4.5635	4.5700	4.3835	4.4849	1951110
2017-01-24	4.5570	4.5635	4.3835	4.3933	2310877
2017-01-25	4.4195	4.5701	4.4195	4.5308	2609726
2017-01-26	4.5177	4.5831	4.4784	4.4915	1879191
2017-01-27	4.4849	4.5308	4.2558	4.3016	3291129
2017-01-30	4.2558	4.2885	4.0528	4.2034	3236560
2017-01-31	4.1903	4.3540	4.1117	4.3475	2655444
2017-02-01	4.3736	4.4522	4.2296	4.3998	2180186
2017-02-02	4.3867	4.5177	4.3431	4.4915	1995000
2017-02-03	4.4849	4.6552	4.4522	4.5831	2107443
2017-02-06	4.5570	4.5963	4.4784	4.5766	1854623
2017-02-07	4.5963	4.6028	4.4784	4.5897	1928790
2017-02-08	4.5831	4.6192	4.5111	4.5701	1306159
2017-02-09	4.5439	4.6224	4.4980	4.5635	1352187
2017-02-10	4.5766	4.7076	4.5111	4.6879	2316285
2017-02-13	4.7010	4.7534	4.6028	4.6748	2097760
2017-02-14	4.6617	4.7534	4.5897	4.7272	1801394
2017-02-15	4.7272	4.7599	4.6486	4.7468	2382893
2017-02-16	4.6093	4.7580	4.2754	4.4260	8176238
2017-02-17	4.4260	5.1659	4.3540	5.1659	10199719
2017-02-21	5.2641	5.7944	5.1659	5.6176	9068073
2017-02-22	5.5718	5.6700	5.2772	5.5391	5919572
2017-02-23	5.5587	6.0170	5.4801	5.8861	6080108
2017-02-24	5.7813	6.0170	5.7158	5.8206	4476701
2017-02-27	5.8271	5.9876	5.7224	5.8795	2480872
2017-02-28	5.7617	5.8861	5.6111	5.7355	3125211
2017-03-01	5.8010	6.0039	5.3492	5.4998	3768315
2017-03-02	5.4605	5.7879	5.4343	5.5784	2493101
2017-03-03	5.5522	5.5610	5.2117	5.3230	3489095
2017-03-06	5.2706	5.3230	5.0120	5.0873	2164243
2017-03-07	5.0873	5.1521	4.9695	4.9760	2890664
2017-03-08	4.9367	5.0938	4.9236	4.9498	1753349
2017-03-09	4.9105	4.9563	4.6421	4.7337	2943667
2017-03-10	4.7665	4.8385	4.5635	4.6355	3463141
2017-03-13	4.6355	4.7468	4.5733	4.6486	2391441
2017-03-14	4.6879	4.6879	4.4588	4.5701	3452871
2017-03-15	4.5111	4.7076	4.4849	4.6552	3184601
2017-03-16	4.6879	4.8909	4.6879	4.7665	2802530
2017-03-17	4.7730	4.8058	4.5701	4.5701	3568710
2017-03-20	4.5635	4.5766	4.2558	4.2951	6203979
2017-03-21	4.2820	4.3802	4.0528	4.0528	5789522
2017-03-22	4.0594	4.0725	3.8237	4.0528	6034366
2017-03-23	4.0725	4.1772	4.0070	4.0725	3451338
2017-03-24	4.0855	4.1183	3.9350	3.9743	3688680
2017-03-27	3.9611	4.0266	3.8629	4.0201	2592229
2017-03-28	4.0135	4.0790	3.9611	4.0004	2593311
2017-03-29	4.0004	4.1052	3.9939	4.0135	2136820
2017-03-30	4.0266	4.0594	3.9153	3.9873	2439243
2017-03-31	3.9677	4.1052	3.9677	3.9939	2169251
2017-04-03	3.9939	4.0266	3.9284	3.9546	2160570
2017-04-04	3.9415	4.1510	3.8957	4.0397	3942763
2017-04-05	4.0921	4.1576	3.9841	4.0463	3950413
2017-04-06	3.9939	4.1248	3.9546	4.0725	2410472
2017-04-07	4.0855	4.1314	3.9939	4.0397	2800146
2017-04-10	4.0004	4.6486	4.0004	4.6159	5464543
2017-04-11	4.5963	4.6159	4.2787	4.3867	5039760
2017-04-12	4.3540	4.4457	4.2820	4.4064	2311706
2017-04-13	4.3736	4.4686	4.2361	4.2689	2188325
2017-04-17	4.2689	4.3933	4.2296	4.3736	1506062
2017-04-18	4.3605	4.4849	4.3082	4.4718	2313350
2017-04-19	4.4718	4.5799	4.4260	4.4391	2274763
2017-04-20	4.4588	4.5242	4.3802	4.4064	1994259
2017-04-21	4.4849	4.4849	4.3213	4.3671	1623015
2017-04-24	4.4326	4.4849	4.3278	4.4129	1021963
2017-04-25	4.4260	4.5308	4.4129	4.4980	1382718
2017-04-26	4.4718	4.6814	4.4718	4.5963	5249717
2017-04-27	4.6028	4.6617	4.4849	4.6486	2300942
2017-04-28	4.6421	4.6977	4.5373	4.5439	1997378
2017-05-01	4.5439	4.6093	4.4588	4.5373	1735025
2017-05-02	4.5242	4.7174	4.5111	4.7010	2826059
2017-05-03	4.7468	4.9498	4.6355	4.6617	4069287
2017-05-04	4.6421	4.6638	4.2885	4.3736	3673890
2017-05-05	4.3933	4.5439	4.2754	4.5242	2004881
2017-05-08	4.5963	4.6290	4.4653	4.5177	1990935
2017-05-09	4.5242	4.7010	4.4064	4.6552	3671809
2017-05-10	4.3540	4.9629	4.3213	4.7927	7413586
2017-05-11	4.7992	4.9105	4.7337	4.8581	4684826
2017-05-12	4.8778	4.8909	4.6093	4.6748	3148394
2017-05-15	4.7076	4.9105	4.7076	4.8189	2963853
2017-05-16	4.8254	4.8712	4.6290	4.7207	2331473
2017-05-17	4.6486	4.7207	4.5831	4.6224	2987672
2017-05-18	4.5963	4.7665	4.5439	4.7665	2736942
2017-05-19	4.7796	5.0022	4.7141	4.9367	2577296
2017-05-22	4.9891	5.0611	4.8778	5.0611	2167680
2017-05-23	5.0218	5.3623	4.9727	5.2051	3618557
2017-05-24	5.2379	5.4605	5.2051	5.4147	3399135
2017-05-25	5.4016	5.5391	5.3557	5.3885	2502489
2017-05-26	5.3361	5.3623	5.1659	5.2051	2169657
2017-05-30	5.3885	5.4474	5.2313	5.3361	2174536
2017-05-31	5.3230	5.3557	5.1135	5.1528	2267322
2017-06-01	5.1593	5.3754	5.0938	5.2313	2035310
2017-06-02	5.2510	5.4081	5.2117	5.2510	1456448
2017-06-05	5.2641	5.3426	5.1986	5.3099	1561928
2017-06-06	5.2968	5.4736	5.2706	5.3819	2221514
2017-06-07	5.4016	5.4278	5.0742	5.1266	1983159
2017-06-08	5.1659	5.3688	5.1004	5.3557	2000720
2017-06-09	5.3950	5.4016	5.2117	5.2444	2213801
2017-06-12	5.2313	5.3296	5.1659	5.1921	1602951
2017-06-13	5.2379	5.3557	5.2379	5.3034	1386990
2017-06-14	5.3426	5.3688	5.2379	5.2837	1229315
2017-06-15	5.2248	5.2379	4.9695	4.9695	2103375
2017-06-16	4.9629	5.0284	4.9236	4.9563	1825677
2017-06-19	4.9956	5.1659	4.9236	5.1004	1351017
2017-06-20	5.0808	5.0840	4.9040	4.9171	1631899
2017-06-21	4.9236	5.0808	4.9236	5.0284	1791246
2017-06-22	5.0677	5.8795	5.0677	5.6897	7388314
2017-06-23	5.7093	6.1344	5.4932	5.9974	13010522
2017-06-26	6.0890	6.1742	5.8403	5.9254	3611959
2017-06-27	5.9843	6.1283	5.8664	6.0105	2449576
2017-06-28	6.0039	6.5408	5.9319	6.2724	5713637
2017-06-29	6.2396	6.3313	6.0890	6.2134	3346497
2017-06-30	6.2134	6.2855	5.9974	6.1152	2544957
2017-07-03	6.1218	6.3509	6.0629	6.1545	1684064
2017-07-05	6.1676	6.2377	5.5325	5.6111	4284656
2017-07-06	5.5784	5.7551	5.5194	5.5391	2555076
2017-07-07	5.5391	5.8075	5.4278	5.7224	2969949
2017-07-10	5.6962	5.9385	5.6307	5.8271	1946418
2017-07-11	5.8271	5.9450	5.7879	5.9188	2018740
2017-07-12	6.0039	6.6718	5.9843	6.6521	5561801
2017-07-13	6.6652	6.7307	6.2658	6.4622	4597619
2017-07-14	6.4950	6.7634	6.4819	6.6259	4291680
2017-07-17	6.6783	6.8289	6.6390	6.7896	2585956
2017-07-18	6.7896	7.4771	6.7569	7.2479	7323712
2017-07-19	7.4705	7.6277	7.1039	7.3003	6701998
2017-07-20	7.3134	7.3330	7.0908	7.2217	4347686
2017-07-21	7.2348	7.2348	6.9206	7.1039	2759005
2017-07-24	7.1235	7.2545	7.0450	7.2414	2532717
2017-07-25	7.2938	7.4051	7.1039	7.1955	2992548
2017-07-26	7.2283	7.3658	7.0777	7.2086	3146158
2017-07-27	7.2086	7.4836	7.0712	7.2217	3873536
2017-07-28	7.4640	7.6604	7.3330	7.4313	5377704
2017-07-31	7.5426	7.5622	7.1104	7.2938	3828009
2017-08-01	7.3658	7.5589	7.1366	7.4574	4512602
2017-08-02	6.8747	6.8878	5.8926	6.0170	11212367
2017-08-03	6.0759	6.1021	5.7682	5.8141	5124196
2017-08-04	5.9319	6.0989	5.8379	6.0563	3226427
2017-08-07	6.0301	6.4230	6.0301	6.3902	3412327
2017-08-08	6.3902	6.4753	6.0759	6.1218	3315585
2017-08-09	6.1152	6.2069	5.9876	6.1087	1886982
2017-08-10	6.0432	6.1054	5.8664	5.8664	1861827
2017-08-11	5.8730	6.1218	5.8664	6.0890	2439021
2017-08-14	6.1152	6.3182	6.0367	6.2134	2182687
2017-08-15	6.2134	6.4557	6.1349	6.4164	2365482
2017-08-16	6.4295	6.4884	6.2265	6.2527	2215875
2017-08-17	6.2462	6.3051	5.9319	5.9516	2286571
2017-08-18	5.9581	6.1480	5.9147	6.0498	1742439
2017-08-21	6.0170	6.0498	5.7224	5.7879	2235554
2017-08-22	5.8533	5.9254	5.7748	5.8337	1455143
2017-08-23	5.7879	6.0072	5.7420	5.9254	1741281
2017-08-24	5.9516	6.1545	5.9516	6.0301	1684550
2017-08-25	6.0825	6.2069	5.9974	6.0105	1344162
2017-08-28	5.9974	6.0694	5.8763	5.9581	1416057
2017-08-29	6.0039	6.0039	5.7486	5.9057	2044071
2017-08-30	5.9712	6.0203	5.8271	5.8403	1988640
2017-08-31	5.8664	5.8926	5.7289	5.7879	2359380
2017-09-01	5.7682	5.9450	5.7682	5.9123	2000759
2017-09-05	5.8926	6.0432	5.8403	6.0105	1946794
2017-09-06	6.0367	6.4230	5.9581	6.1414	3743980
2017-09-07	6.1545	6.2167	6.0759	6.1676	1623398
2017-09-08	5.9254	5.9712	5.6111	5.6242	6588006
2017-09-11	5.6438	5.6766	5.3819	5.4736	3411451
2017-09-12	5.4736	5.5653	5.4474	5.5194	1916559
2017-09-13	5.4998	5.5653	5.4016	5.4474	2296524
2017-09-14	5.4081	5.6373	5.4016	5.6111	2308876
2017-09-15	5.6569	5.7584	5.4736	5.4932	3376968
2017-09-18	5.5522	5.6667	5.4605	5.5325	2540997
2017-09-19	5.5587	5.6111	5.4016	5.4801	2139745
2017-09-20	5.4539	5.4880	5.0840	5.1462	4995816
2017-09-21	5.1462	5.1593	4.7730	4.8254	5251755
2017-09-22	4.8319	5.1528	4.5766	5.0022	8946594
2017-09-25	5.0153	5.0873	4.5864	4.6552	5563452
2017-09-26	4.6552	4.7871	4.6421	4.7272	2571231
2017-09-27	4.5766	4.8647	4.5439	4.7861	3220362
2017-09-28	4.7403	4.8450	4.6814	4.7403	1791670
2017-09-29	4.7468	4.8319	4.7141	4.7730	1172782
2017-10-02	4.7272	4.8058	4.6617	4.8058	1864164
2017-10-03	4.8319	4.8319	4.7272	4.7403	1368503
2017-10-04	4.7796	4.7796	4.6552	4.6814	1731845
2017-10-05	4.6814	4.7992	4.6617	4.7010	1833231
2017-10-06	4.6617	4.7141	4.5897	4.6486	1897993
2017-10-09	4.7141	4.7207	4.5177	4.5504	2396194
2017-10-10	4.5373	4.5439	4.4345	4.5177	2037482
2017-10-11	4.5177	4.5558	4.4522	4.4915	1289882
2017-10-12	4.4915	4.6585	4.4653	4.5504	1412915
2017-10-13	4.6486	4.6683	4.5373	4.5570	2102231
2017-10-16	4.5831	4.6257	4.3933	4.4129	2829323
2017-10-17	4.3933	4.4391	4.3278	4.4326	2263396
2017-10-18	4.4718	4.4849	4.3343	4.3540	1907763
2017-10-19	4.3278	4.3802	4.2689	4.3802	2115656
2017-10-20	4.3933	4.3965	4.2951	4.3736	1772785
2017-10-23	4.3933	4.6159	4.3867	4.4980	2988419
2017-10-24	4.4980	4.6814	4.4980	4.5308	2426499
2017-10-25	4.5635	4.5765	4.3736	4.4129	1838280
2017-10-26	4.4326	4.4457	4.3343	4.3736	1851800
2017-10-27	4.4849	4.7043	4.4653	4.6028	4997589
2017-10-30	4.6552	4.8974	4.5046	4.6879	5052577
2017-10-31	4.7010	4.8123	4.5831	4.6617	3552408
2017-11-01	4.7534	4.7796	4.5897	4.6683	3052312
2017-11-02	5.0742	5.6045	5.0546	5.4016	10981644
2017-11-03	5.3099	5.6635	5.3034	5.6569	5944504
2017-11-06	5.5915	5.9385	5.5784	5.7551	4897989
2017-11-07	5.7027	5.7551	5.5718	5.6242	2902819
2017-11-08	5.6242	5.8403	5.4539	5.7093	2704993
2017-11-09	5.5915	5.6635	5.4605	5.6045	2988717
2017-11-10	5.5980	5.7748	5.5391	5.6962	2941028
2017-11-13	5.6700	5.7289	5.5260	5.6766	2213572
2017-11-14	5.6635	5.6962	5.3754	5.4736	2741788
2017-11-15	5.3885	5.5456	5.2706	5.4539	1889275
2017-11-16	5.4409	5.5456	5.3034	5.3165	2526108
2017-11-17	5.3819	5.4147	5.1397	5.2117	2943196
2017-11-20	5.2379	5.2379	5.0808	5.2248	2219530
2017-11-21	5.2510	5.3230	5.1201	5.1790	2568241
2017-11-22	5.1855	5.2903	5.0742	5.2575	2089170
2017-11-24	5.3034	5.3426	5.2410	5.2772	845603
2017-11-27	5.2772	5.4932	5.2444	5.3950	2672537
2017-11-28	5.3950	5.7617	5.3950	5.6504	4018069
2017-11-29	5.6962	5.7748	5.3426	5.3754	3921383
2017-11-30	5.3819	5.4605	5.3099	5.4081	2097292
2017-12-01	5.3754	5.3947	5.0611	5.1528	4087134
2017-12-04	5.1855	5.1921	4.6257	4.6388	7171832
2017-12-05	4.6224	4.9171	4.6224	4.8778	5616241
2017-12-06	4.8516	5.1593	4.8189	4.9956	3869301
2017-12-07	5.0153	5.3426	4.9891	5.3034	3379453
2017-12-08	5.3426	5.4998	5.3361	5.4605	3121886
2017-12-11	5.7289	6.3182	5.6562	6.0432	7447990
2017-12-12	6.0105	6.0236	5.6569	5.6831	4031859
2017-12-13	5.6962	5.7289	5.5947	5.6242	2168863
2017-12-14	5.6438	5.9254	5.6176	5.8861	2800814
2017-12-15	5.9057	6.1349	5.8075	6.1349	4623065
2017-12-18	6.1873	6.2462	6.0367	6.1676	2778842
2017-12-19	6.1480	6.2331	5.8992	5.9581	2911110
2017-12-20	5.8992	6.0466	5.8075	5.8271	1959022
2017-12-21	5.8337	6.0301	5.8141	5.9385	2268470
2017-12-22	5.9188	5.9777	5.8337	5.9188	1309924
2017-12-26	5.8468	5.8664	5.6373	5.6897	1651455
2017-12-27	5.6569	5.7879	5.6307	5.7551	1892166
2017-12-28	5.8075	5.8664	5.6635	5.6831	1596269
2017-12-29	5.6242	5.6273	5.4932	5.5194	2397210
2018-01-02	5.5849	5.8795	5.5174	5.8730	2299586
2018-01-03	5.9254	6.0105	5.7224	5.7813	2362742
2018-01-04	5.8141	5.9254	5.5456	5.6962	2217242
2018-01-05	5.7420	5.7682	5.6045	5.6635	1514804
2018-01-08	5.6635	5.7682	5.6117	5.7158	1550891
2018-01-09	5.7027	5.7093	5.5456	5.5784	1997782
2018-01-10	5.5129	5.6307	5.4736	5.5587	1701889
2018-01-11	5.5718	6.2527	5.5718	6.2004	6228666
2018-01-12	6.1611	6.1611	5.9057	5.9581	3386911
2018-01-16	6.0301	6.0890	5.5784	5.6438	3562342
2018-01-17	5.6831	5.7322	5.5957	5.6569	2467151
2018-01-18	5.6373	5.7093	5.4343	5.5980	2624098
2018-01-19	5.5784	5.6897	5.5063	5.6635	1450264
2018-01-22	5.6504	5.9843	5.6307	5.7093	3017331
2018-01-23	5.8403	6.0956	5.2444	5.3426	10332530
2018-01-24	5.3492	5.4605	4.9171	5.0873	8673677
2018-01-25	5.1724	5.2510	5.0808	5.1921	2666943
2018-01-26	5.1921	5.3557	5.0415	5.3296	2674433
2018-01-29	5.2968	5.3754	5.1593	5.3296	2354248
2018-01-30	5.2183	5.4343	5.1528	5.3557	2998646
2018-01-31	5.4016	5.5587	5.1790	5.1921	3227495
2018-02-01	5.1921	5.2051	5.0611	5.1135	2383308
2018-02-02	5.0873	5.1168	4.9302	4.9433	2399308
2018-02-05	4.8254	4.9302	4.6617	4.7141	3159468
2018-02-06	4.6355	4.8778	4.5963	4.6159	3185184
2018-02-07	4.6879	4.7403	4.5963	4.6093	2816482
2018-02-08	4.6028	4.6879	4.2296	4.4457	6554089
2018-02-09	4.4653	4.6748	4.2820	4.4849	4437647
2018-02-12	4.5504	4.5504	4.3671	4.5111	2569659
2018-02-13	4.4784	4.8516	4.4522	4.8319	3830851
2018-02-14	4.7468	4.9433	4.6486	4.8974	3767461
2018-02-15	4.5177	4.8778	4.2885	4.8385	6895479
2018-02-16	4.7665	5.0349	4.7141	5.0022	2490740
2018-02-20	4.9695	5.0742	4.8581	4.9040	1637131
2018-02-21	4.9367	5.0022	4.7927	4.8189	1986007
2018-02-22	4.8189	4.8712	4.6355	4.6617	1863289
2018-02-23	4.6879	4.7163	4.5013	4.6879	2364158
2018-02-26	4.7403	5.0218	4.5963	4.9760	2417039
2018-02-27	4.9956	4.9956	4.7337	4.7599	2025336
2018-02-28	4.8058	4.8058	4.6093	4.6421	2507595
2018-03-01	4.6224	4.7337	4.5504	4.6224	2122858
2018-03-02	4.5439	4.7239	4.4980	4.7076	2190337
2018-03-05	4.6683	4.9367	4.6683	4.7468	3024365
2018-03-06	4.7468	4.8909	4.7468	4.8254	1602065
2018-03-07	4.7730	4.9105	4.7599	4.8123	2076451
2018-03-08	4.8450	4.9129	4.7305	4.8712	2079666
2018-03-09	4.8778	4.9367	4.6552	4.6879	2961083
2018-03-12	4.7272	4.8189	4.6879	4.7665	1803686
2018-03-13	4.7796	4.8516	4.7010	4.7076	1570481
2018-03-14	4.7403	4.7796	4.6552	4.7010	1751596
2018-03-15	4.6879	4.7534	4.5635	4.6028	2207864
2018-03-16	4.5897	4.7272	4.5897	4.7207	3638978
2018-03-19	4.7207	4.9105	4.7207	4.8909	3507435
2018-03-20	4.8843	5.2903	4.8712	5.2641	3802922
2018-03-21	5.2444	5.4932	5.1200	5.2641	3392580
2018-03-22	5.1855	5.3296	5.0808	5.0808	1720688
2018-03-23	5.0742	5.1855	4.9629	5.0677	1713868
2018-03-26	5.1331	5.4343	5.0088	5.3950	2161462
2018-03-27	5.4409	5.4474	5.1266	5.1593	2272690
2018-03-28	5.1659	5.2837	4.9765	5.0153	1613029
2018-03-29	5.0546	5.2968	5.0087	5.2248	1503168
2018-04-02	5.1724	5.1790	4.9367	4.9956	1798657
2018-04-03	5.0087	5.0677	4.7534	4.9433	1520197
2018-04-04	4.8058	5.0415	4.7992	5.0153	1384646
2018-04-05	5.0415	5.3165	5.0219	5.2837	1702535
2018-04-06	5.2313	5.4474	5.1724	5.3034	1909448
2018-04-09	5.3492	5.4343	5.3165	5.3361	1517439
2018-04-10	5.4278	5.5587	5.4081	5.4343	1795632
2018-04-11	5.4016	5.4671	5.1855	5.2051	2045505
2018-04-12	5.2444	5.3885	5.2051	5.3296	1792890
2018-04-13	5.3557	5.4932	5.3034	5.3688	1376133
2018-04-16	5.3557	5.3621	5.2051	5.2837	1322769
2018-04-17	5.2641	5.5118	5.2150	5.4671	2071276
2018-04-18	5.7682	6.3837	5.7027	6.1152	7641107
2018-04-19	6.1873	6.4099	6.0242	6.3968	4620536
2018-04-20	6.3182	6.5474	6.2396	6.3444	3823987
2018-04-23	5.9843	6.0563	5.7093	5.8599	3846856
2018-04-24	5.8599	5.9646	5.7289	5.8468	1631670
2018-04-25	5.8141	5.8271	5.6504	5.7551	953498
2018-04-26	5.8010	5.8664	5.7486	5.8206	1062445
2018-04-27	5.8403	6.0956	5.8403	5.8664	1675472
2018-04-30	5.8664	5.8992	5.5653	5.5849	1824272
2018-05-01	5.5653	5.6045	5.3950	5.5129	1134495
2018-05-02	5.4998	5.5980	5.4638	5.4736	885592
2018-05-03	5.4867	5.4998	5.2706	5.3296	1544210
2018-05-04	5.3034	5.5063	5.2706	5.3034	1243098
2018-05-07	5.3950	5.6111	5.3688	5.5129	1396943
2018-05-08	5.4343	5.5842	5.4016	5.5456	1516771
2018-05-09	5.4343	5.9254	5.2641	5.8992	4370485
2018-05-10	5.9450	5.9712	5.5784	5.8992	4547029
2018-05-11	5.8926	5.8926	5.6045	5.7027	2497519
2018-05-14	5.7682	5.9516	5.6962	5.8010	1925477
2018-05-15	5.7748	6.0629	5.6962	6.0236	2367454
2018-05-16	6.0563	6.1639	5.9319	5.9516	1793710
2018-05-17	5.9123	6.2134	5.8403	6.0759	2947755
2018-05-18	6.1545	6.2134	5.9712	6.0890	2082926
2018-05-21	6.1676	6.2855	6.1414	6.1873	1753745
2018-05-22	6.2331	6.2789	6.0105	6.0236	1379107
2018-05-23	5.9646	6.0301	5.7486	5.7748	2213288
2018-05-24	5.7813	5.8206	5.5850	5.8075	1632621
2018-05-25	5.8075	5.8141	5.5980	5.7617	1884123
2018-05-29	5.8861	5.8861	5.6635	5.7813	1857743
2018-05-30	5.7944	5.8141	5.5915	5.6242	2177168
2018-05-31	5.6373	5.7158	5.4932	5.4932	1730252
2018-06-01	5.4998	5.5587	5.4278	5.5260	1790903
2018-06-04	5.5522	5.6242	5.2706	5.3557	3346490
2018-06-05	5.3361	5.3688	5.1200	5.1528	2789554
2018-06-06	5.1266	5.1659	4.7730	4.7927	5048282
2018-06-07	4.7730	4.8319	4.6224	4.7665	3038970
2018-06-08	4.7207	4.8254	4.5963	4.6159	2957398
2018-06-11	4.6355	4.9040	4.6028	4.8909	3253128
2018-06-12	4.9040	5.1986	4.8778	5.1462	3122210
2018-06-13	5.2379	5.3099	5.0749	5.2248	2436011
2018-06-14	5.2117	5.3361	5.1528	5.2510	2085626
2018-06-15	5.2313	5.2379	4.9498	4.9891	2312061
2018-06-18	4.9433	5.2183	4.9048	5.2117	1162274
2018-06-19	5.1659	5.3361	5.0677	5.2968	1484545
2018-06-20	5.2706	5.3492	5.1993	5.2772	1357212
2018-06-21	5.2379	5.3656	5.1790	5.2248	1131614
2018-06-22	5.2575	5.4179	5.2412	5.3885	2753518
2018-06-25	5.3950	5.4212	5.0153	5.1004	2129661
2018-06-26	5.0742	5.1069	4.8581	5.0938	1922791
2018-06-27	5.0808	5.1724	4.9865	5.0284	1186487
2018-06-28	5.0415	5.1357	4.9956	5.0677	1083662
2018-06-29	5.1266	5.1659	4.9956	5.0218	1057376
2018-07-02	5.0022	5.2772	4.9563	5.2706	1691047
2018-07-03	5.2706	5.2772	5.0087	5.0415	1045078
2018-07-05	5.0873	5.1724	5.0218	5.1659	895671
2018-07-06	5.1659	5.1921	5.1200	5.1528	862060
2018-07-09	5.1724	5.2641	5.1200	5.2117	1081377
2018-07-10	5.2051	5.2641	5.1724	5.2248	755265
2018-07-11	5.1397	5.2575	5.1331	5.1921	1229000
2018-07-12	5.2051	5.2641	5.1135	5.2183	1329701
2018-07-13	5.2313	5.2634	5.1135	5.1331	865926
2018-07-16	5.1331	5.1724	5.0742	5.0938	719299
2018-07-17	5.0480	5.0873	4.9105	4.9236	1797672
2018-07-18	4.9433	4.9495	4.7730	4.8319	2103981
2018-07-19	4.8385	5.0447	4.8385	4.9498	1948900
2018-07-20	4.9563	5.0022	4.8123	4.8319	918386
2018-07-23	4.8189	4.9105	4.7665	4.8058	1217930
2018-07-24	4.8385	4.8843	4.7534	4.7796	1135206
2018-07-25	4.7665	4.9433	4.7207	4.9302	1426650
2018-07-26	4.8647	4.9367	4.7010	4.7076	1828976
2018-07-27	4.7141	4.7207	4.4522	4.5111	3151099
2018-07-30	4.5308	4.5897	4.3016	4.4391	2700992
2018-07-31	4.7599	4.7730	4.4522	4.7534	3382583
2018-08-01	4.7337	4.9465	4.6748	4.9302	2607665
2018-08-02	4.9105	5.1004	4.9040	5.0808	1510445
2018-08-03	5.0349	5.1069	4.7272	4.7796	2020098
2018-08-06	4.8189	4.8712	4.7551	4.7730	1171027
2018-08-07	4.7927	4.9105	4.7403	4.8254	1201812
2018-08-08	4.8058	4.8909	4.7534	4.8385	978855
2018-08-09	4.8254	4.9302	4.7861	4.7927	747483
2018-08-10	4.7141	4.7796	4.6552	4.7010	1230935
2018-08-13	4.6879	4.7010	4.5177	4.5701	1979855
2018-08-14	4.5897	4.6159	4.3998	4.5111	1964959
2018-08-15	4.4718	4.4849	4.2623	4.3802	1868779
2018-08-16	4.4195	4.4522	4.2885	4.3213	1981248
2018-08-17	4.3016	4.3736	4.2361	4.3475	1209868
2018-08-20	4.3540	4.5995	4.3278	4.5177	1725630
2018-08-21	4.5504	4.6486	4.4915	4.5308	1213770
2018-08-22	4.5308	4.5831	4.4260	4.4457	1322185
2018-08-23	4.4522	4.4842	4.3867	4.3933	1063642
2018-08-24	4.3998	4.4784	4.3736	4.4457	1191459
2018-08-27	4.4522	4.5111	4.4077	4.4260	1186207
2018-08-28	4.4195	4.4326	4.2951	4.3605	1314127
2018-08-29	4.4195	4.6355	4.3671	4.5635	2716798
2018-08-30	4.6224	4.6224	4.3671	4.4129	1620075
2018-08-31	4.3933	4.4208	4.3343	4.3998	1144499
2018-09-04	4.4195	4.4260	4.2787	4.3998	1264975
2018-09-05	4.3933	4.4064	4.2754	4.3933	1241259
2018-09-06	4.3802	4.4260	4.2558	4.2754	1369719
2018-09-07	4.3409	4.3409	4.1641	4.1707	1392657
2018-09-10	4.1903	4.2623	4.1772	4.2296	901199
2018-09-11	4.1969	4.5275	4.1674	4.5046	2414078
2018-09-12	4.5046	4.5504	4.3867	4.4915	1143309
2018-09-13	4.5046	4.5701	4.3343	4.3475	1258025
2018-09-14	4.3540	4.3933	4.2754	4.3867	1168191
2018-09-17	4.3736	4.3778	4.2623	4.3082	971836
2018-09-18	4.3802	5.0022	4.3475	4.9433	6786123
2018-09-19	5.2379	5.3099	4.9760	5.2051	5174090
2018-09-20	5.1593	5.3492	5.0284	5.2837	2886805
2018-09-21	5.2706	5.3295	5.0840	5.1659	3374492
2018-09-24	5.1069	5.2444	5.0808	5.0938	1723739
2018-09-25	5.1135	5.1397	5.0153	5.0546	873941
2018-09-26	5.0349	5.0611	4.9367	4.9498	1141460
2018-09-27	4.9629	4.9956	4.8581	4.8712	1302699
2018-09-28	4.8123	4.8581	4.7337	4.7796	1464320
2018-10-01	4.7796	4.8319	4.6159	4.6552	1530164
2018-10-02	4.6552	4.9236	4.6552	4.7992	1702332
2018-10-03	4.9825	4.9825	4.6192	4.6617	1897534
2018-10-04	4.7730	4.7730	4.5242	4.6028	1584191
2018-10-05	4.6028	4.6525	4.3998	4.4718	2073474
2018-10-08	4.4588	4.4811	4.3409	4.4522	1488590
2018-10-09	4.4391	4.5111	4.3802	4.4326	1118540
2018-10-10	4.3933	4.6093	4.3867	4.3933	1556873
2018-10-11	4.3736	4.3867	4.1641	4.2427	2820015
2018-10-12	4.3278	4.3278	4.1707	4.2754	1747100
2018-10-15	4.2558	4.4195	4.2034	4.3802	1626757
2018-10-16	4.4064	4.5701	4.3737	4.5504	1638824
2018-10-17	4.5504	4.5635	4.4227	4.5111	1034572
2018-10-18	4.4980	4.7010	4.4391	4.5242	1549964
2018-10-19	4.5635	4.6519	4.4391	4.5897	1450522
2018-10-22	4.5897	4.5963	4.3475	4.4195	1337435
2018-10-23	4.3213	4.3998	4.1969	4.3540	1794874
2018-10-24	4.3475	4.3847	4.1903	4.2034	1578826
2018-10-25	4.2361	4.2951	4.0954	4.2689	1694740
2018-10-26	4.1838	4.2296	4.0135	4.0659	2123118
2018-10-29	4.1248	4.1625	3.8564	3.8891	3480070
2018-10-30	3.9022	4.2034	3.8629	4.2034	2387735
2018-10-31	3.9743	4.0135	3.7713	3.9350	3444717
2018-11-01	3.9284	4.1248	3.8629	4.0790	1837475
2018-11-02	4.0790	4.2165	3.9743	3.9873	2041150
2018-11-05	4.0266	4.3605	4.0119	4.1641	3356286
2018-11-06	4.1314	4.1772	4.0046	4.0463	2347432
2018-11-07	4.0855	4.2852	4.0790	4.2165	1690374
2018-11-08	4.2034	4.2361	4.0332	4.0987	1383839
2018-11-09	4.0266	4.1641	3.9939	4.0921	1193731
2018-11-12	4.0855	4.3016	4.0528	4.1510	1831576
2018-11-13	4.1772	4.2165	4.0004	4.0201	1621470
2018-11-14	4.0397	4.1052	3.9481	3.9808	1310865
2018-11-15	3.9939	4.1641	3.9546	4.1117	1136843
2018-11-16	4.0855	4.3213	4.0855	4.2623	2133146
2018-11-19	4.2492	4.2885	4.0855	4.1576	1083853
2018-11-20	4.0725	4.1254	3.8629	3.9219	2069894
2018-11-21	3.9546	4.0201	3.9022	3.9677	1135662
2018-11-23	3.9284	4.0725	3.9284	3.9677	582826
2018-11-26	4.0332	4.6945	4.0070	4.6159	6620775
2018-11-27	4.5046	4.8123	4.3998	4.6879	2965217
2018-11-28	4.7207	4.8909	4.6880	4.7861	1927681
2018-11-29	4.7534	4.8058	4.4980	4.5373	1535486
2018-11-30	4.5111	4.5831	4.3933	4.4849	906846
2018-12-03	4.6224	4.6486	4.5046	4.5701	1630698
2018-12-04	4.5439	4.5439	4.3507	4.3605	1710136
2018-12-06	4.2754	4.4457	4.2558	4.3998	1554672
2018-12-07	4.4064	4.5373	4.2623	4.2820	1486605
2018-12-10	4.2754	4.3802	4.2165	4.3343	1085879
2018-12-11	4.3933	4.4343	4.1052	4.1248	1314452
2018-12-12	4.1838	4.2820	4.1347	4.1969	1024757
2018-12-13	4.2034	4.2754	4.0987	4.1314	1458539
2018-12-14	4.0921	4.1314	3.9611	4.0004	1453304
2018-12-17	3.9873	4.0463	3.7516	3.7909	2430967
2018-12-18	3.8433	3.9350	3.7691	3.8433	1471093
2018-12-19	3.8433	3.9069	3.6927	3.7058	1510673
2018-12-20	3.7058	3.8302	3.4374	3.5290	2292242
2018-12-21	3.5356	3.6272	3.2868	3.3195	2913638
2018-12-24	3.2737	3.3195	2.9790	3.0118	2239844
2018-12-26	3.1035	3.2540	3.0445	3.2409	1818619
2018-12-27	3.2017	3.2409	3.0118	3.2344	1828673
2018-12-28	3.2409	3.3490	3.1624	3.3130	1951068
2018-12-31	3.3130	3.3680	3.2017	3.2540	1637880
2019-01-02	3.1886	3.3915	3.1427	3.3195	1181152
2019-01-03	3.2933	3.4439	3.2475	3.2999	1624539
2019-01-04	3.3392	3.5880	3.3392	3.4832	1708436
2019-01-07	3.4963	3.6665	3.4308	3.5880	1516622
2019-01-08	3.5487	3.5618	3.3719	3.4177	2427263
2019-01-09	3.4505	3.5880	3.4439	3.4963	1734345
2019-01-10	3.4897	3.6338	3.4701	3.5487	1212528
2019-01-11	3.5290	3.6010	3.5028	3.5814	849377
2019-01-14	3.5421	3.7582	3.5421	3.6010	1460759
2019-01-15	3.6076	3.6862	3.5683	3.5880	1092276
2019-01-16	3.5880	3.6469	3.5159	3.5487	1096018
2019-01-17	3.5356	3.6338	3.5290	3.5945	1044611
2019-01-18	3.6207	3.6862	3.5487	3.5552	1356420
2019-01-22	3.5356	3.5618	3.3392	3.4177	1715958
2019-01-23	3.4308	3.4766	3.3130	3.3981	1328300
2019-01-24	3.3981	3.6076	3.3784	3.5945	1916810
2019-01-25	3.6076	3.7320	3.6010	3.6076	1532046
2019-01-28	3.5028	3.6600	3.4766	3.6403	1115346
2019-01-29	3.6469	3.7123	3.5487	3.5749	1665606
2019-01-30	3.7647	3.7647	3.6141	3.6927	1186040
2019-01-31	3.6993	3.9350	3.6993	3.8040	1834328
2019-02-01	3.8302	3.8629	3.5814	3.6731	1982248
2019-02-04	3.6665	3.7647	3.6469	3.6796	761264
2019-02-05	3.6927	4.0528	3.6436	3.8367	3243465
2019-02-06	3.8891	3.9743	3.7385	3.7582	1425635
2019-02-07	3.7451	3.8695	3.7254	3.8564	1368156
2019-02-08	3.8367	3.8498	3.6862	3.7385	1371559
2019-02-11	3.7778	3.9022	3.7320	3.8040	1609930
2019-02-12	3.8433	3.9088	3.7942	3.7975	1522514
2019-02-13	3.8106	4.0528	3.7516	3.8891	3076341
2019-02-14	3.7844	4.3147	3.7451	4.1183	5413898
2019-02-15	4.0463	4.0725	3.7647	3.8760	4338979
2019-02-19	3.8957	4.1576	3.8778	4.0987	2857617
2019-02-20	4.0855	4.1902	4.0266	4.0528	1722274
2019-02-21	4.0528	4.2721	4.0266	4.2558	2857154
2019-02-22	4.2558	4.3671	4.1748	4.2820	2065071
2019-02-25	4.2951	4.3736	4.1379	4.1445	1725588
2019-02-26	4.1183	4.2558	4.1085	4.2230	1179996
2019-02-27	4.2034	4.3016	4.1117	4.2165	1188956
2019-02-28	4.2100	4.3082	4.1641	4.2230	1299901
2019-03-01	4.2558	4.3802	4.2165	4.2361	1442332
2019-03-04	4.2623	4.2852	4.1248	4.2100	1592583
2019-03-05	4.1903	4.2361	4.1445	4.1707	991449
2019-03-06	4.1510	4.1684	3.9939	4.1117	2104676
2019-03-07	4.1052	4.1379	3.9677	4.0135	1320827
2019-03-08	3.9546	4.0790	3.9546	4.0266	980280
2019-03-11	4.0332	4.2754	4.0266	4.2623	2119475
2019-03-12	4.2558	4.3213	4.1576	4.1838	1360111
2019-03-13	4.1903	4.2820	4.1543	4.2754	1178918
2019-03-14	4.2492	4.2951	4.1903	4.2100	1007425
2019-03-15	4.2165	4.2427	4.1248	4.1510	1922906
2019-03-18	4.1641	4.2427	4.1314	4.2165	1412498
2019-03-19	4.2230	4.4064	4.1969	4.3540	2489740
2019-03-20	4.3671	4.4391	4.2642	4.3933	1210073
2019-03-21	4.3540	4.4260	4.2283	4.2558	1505226
2019-03-22	4.2296	4.2689	4.0070	4.0201	2704979
2019-03-25	4.0463	4.0463	3.9022	4.0201	1887230
2019-03-26	4.0594	4.0921	4.0004	4.0725	1176275
2019-03-27	4.0659	4.1379	4.0168	4.0921	1138236
2019-03-28	4.1379	4.2492	4.0987	4.2165	1586495
2019-03-29	4.2492	4.3343	4.2361	4.2623	1672075
2019-04-01	4.2885	4.4457	4.2689	4.4326	1838531
2019-04-02	4.4260	4.5635	4.3802	4.5177	1663321
2019-04-03	4.5242	4.8647	4.5242	4.7403	3074789
2019-04-04	4.7272	4.8647	4.7076	4.7796	1990795
2019-04-05	4.7861	4.8778	4.7665	4.8450	1922355
2019-04-08	4.8058	5.0218	4.7752	4.9891	2186429
2019-04-09	4.9760	5.0218	4.8712	4.8909	1261952
2019-04-10	4.9236	5.1842	4.9105	5.1069	2122617
2019-04-11	5.0808	5.1200	4.9629	5.0546	1685287
2019-04-12	5.1004	5.1004	4.9596	4.9695	1204773
2019-04-15	4.9956	4.9956	4.8450	4.8909	1200398
2019-04-16	4.9236	4.9695	4.8123	4.9629	927768
2019-04-17	4.9825	5.0022	4.8712	4.9171	956052
2019-04-18	4.8974	4.9236	4.8385	4.8647	959835
2019-04-22	4.8189	4.8974	4.7861	4.8974	742143
2019-04-23	4.9236	5.0284	4.8647	4.9367	2212917
2019-04-24	4.9367	5.0611	4.9236	4.9563	1329231
2019-04-25	4.9433	4.9498	4.8516	4.8974	774281
2019-04-26	4.8909	5.0153	4.8582	4.9891	900264
2019-04-29	5.0087	5.0677	4.9355	5.0087	1927110
2019-04-30	4.9956	5.0087	4.7010	4.7272	2018459
2019-05-01	4.7861	4.8385	4.6748	4.6945	2030883
2019-05-02	4.6879	4.7534	4.5963	4.7141	1142296
2019-05-03	4.7534	4.9433	4.7337	4.9367	1931316
2019-05-06	4.8319	4.9891	4.8123	4.9498	1558963
2019-05-07	4.9040	5.1004	4.8778	5.0938	1971584
2019-05-08	5.1069	5.1200	4.8843	4.9629	2035932
2019-05-09	4.9956	5.0022	4.7141	4.8319	2413478
2019-05-10	4.7534	5.5325	4.6552	5.3688	7810890
2019-05-13	5.1986	5.3165	5.0216	5.2183	2739677
2019-05-14	5.2510	5.3165	5.1462	5.2183	1554925
2019-05-15	5.1790	5.3361	5.1331	5.3165	1849968
2019-05-16	5.2510	5.5915	5.2510	5.4867	1995180
2019-05-17	5.4409	5.5129	5.2313	5.2379	1840867
2019-05-20	5.2183	5.2379	5.0938	5.1790	1151349
2019-05-21	5.1986	5.4278	5.1986	5.3688	1856472
2019-05-22	5.3623	5.4539	5.2903	5.3296	960391
2019-05-23	5.2575	5.2903	5.0382	5.0611	1689156
2019-05-24	5.1266	5.1855	5.0611	5.0938	1116143
2019-05-28	5.1069	5.1953	5.0677	5.1397	832116
2019-05-29	5.0808	5.1416	4.9760	5.0546	923678
2019-05-30	5.0938	5.2313	5.0611	5.1462	1134866
2019-05-31	5.0546	5.1069	4.8221	4.8843	2683310
2019-06-03	4.8909	5.0611	4.8516	4.9695	1964198
2019-06-04	5.0349	5.3525	4.9891	5.3426	3266102
2019-06-05	5.3426	5.4801	5.2510	5.3361	1783570
2019-06-06	5.3230	5.5129	5.2706	5.4671	1866233
2019-06-07	5.4671	5.6079	5.4409	5.4605	1592990
2019-06-10	5.5194	5.6209	5.4801	5.4998	1829850
2019-06-11	5.5718	5.6373	5.4671	5.5391	1086454
2019-06-12	5.4081	5.5260	5.1888	5.2117	2470392
2019-06-13	5.2510	5.5981	5.2510	5.5391	2762137
2019-06-14	5.4671	5.4932	5.2772	5.3950	1092840
2019-06-17	5.3754	5.4671	5.3230	5.4212	785634
2019-06-18	5.7617	7.2086	5.7420	6.6456	16769650
2019-06-19	6.3706	6.9206	6.2462	6.8485	5443256
2019-06-20	6.8944	7.0580	6.7045	6.8551	2569959
2019-06-21	6.8027	6.8944	6.6521	6.7700	2442697
2019-06-24	6.7503	6.8682	6.6063	6.7634	1666068
2019-06-25	6.6456	6.8092	6.5015	6.5474	1729489
2019-06-26	6.6325	6.7212	6.5670	6.6521	1357927
2019-06-27	6.7110	6.9467	6.6456	6.9009	2348811
2019-06-28	6.9729	7.0580	6.8485	6.9991	2943030
2019-07-01	7.0973	7.3920	7.0057	7.3527	3275932
2019-07-02	7.4051	7.4247	7.2054	7.3920	2113672
2019-07-03	7.4313	7.7586	7.3920	7.5098	2141838
2019-07-05	7.4771	7.9158	7.3744	7.8503	2398404
2019-07-08	7.8306	8.1449	7.6997	8.1122	3209008
2019-07-09	8.0533	8.3740	7.9354	8.1646	3333529
2019-07-10	8.2169	8.2562	7.7658	7.9420	2195944
2019-07-11	7.9747	8.0467	7.6015	7.6539	2083758
2019-07-12	7.6670	7.8110	7.5110	7.6342	2197286
2019-07-15	7.6408	7.6800	7.3985	7.5295	1817025
2019-07-16	7.5360	7.6408	7.4051	7.4640	1334214
2019-07-17	7.4444	7.5098	7.2152	7.2283	1849851
2019-07-18	7.2283	7.2479	7.0580	7.1432	1856103
2019-07-19	7.1497	7.3265	7.0777	7.1955	1749281
2019-07-22	7.1694	7.2152	6.8878	7.0057	2337104
2019-07-23	7.0450	7.0842	6.7503	6.9337	1957799
2019-07-24	6.9271	6.9271	6.7241	6.7372	1802740
2019-07-25	6.7110	6.7962	6.6587	6.6848	1274461
2019-07-26	6.7045	6.7831	6.6194	6.7176	1041920
2019-07-29	6.7307	7.0777	6.6783	7.0450	2006924
2019-07-30	7.0057	7.1563	6.9140	7.0712	1768982
2019-07-31	7.3658	7.9550	7.3265	7.6539	8190055
2019-08-01	9.1729	10.5020	9.1008	9.5068	23671231
2019-08-02	9.5853	10.2925	9.5199	9.8865	7079385
2019-08-05	9.4937	9.5199	8.5181	8.7996	6229401
2019-08-06	8.9830	9.0943	8.6753	8.8193	3575389
2019-08-07	9.0616	9.7752	8.7145	9.6574	5749220
2019-08-08	9.5592	9.8014	9.3889	9.5199	3691247
2019-08-09	9.4020	9.5068	9.2056	9.3693	1841384
2019-08-12	9.2907	9.3365	8.6294	8.6491	3207343
2019-08-13	8.6949	9.0288	8.5181	8.7866	1965015
2019-08-14	8.5443	8.5705	7.9027	8.0991	3162354
2019-08-15	8.2235	8.3937	7.9920	8.1253	3610536
2019-08-16	8.1449	8.4690	8.1449	8.4330	2188023
2019-08-19	8.7014	8.7996	8.4134	8.6622	2086240
2019-08-20	8.6360	9.0288	8.5705	8.9961	2046589
2019-08-21	9.1729	9.1925	8.7426	8.8848	2283324
2019-08-22	8.8717	8.8913	8.5509	8.6949	1760874
2019-08-23	8.5836	8.6753	8.2300	8.3348	1569147
2019-08-26	8.3610	8.7276	8.3610	8.6098	1976018
2019-08-27	8.7473	8.8281	8.4265	8.5247	1225472
2019-08-28	8.4657	8.6753	8.3937	8.6163	2379340
2019-08-29	8.7669	8.8848	8.5214	8.6360	1250199
2019-08-30	8.6818	8.7604	8.0533	8.1973	2951264
2019-09-03	8.1056	8.2824	7.9550	8.0794	2316936
2019-09-04	8.1907	8.7080	8.1429	8.6883	1879030
2019-09-05	8.8258	8.9568	8.6121	8.7604	1837482
2019-09-06	8.7473	8.7917	8.3413	8.3479	1338384
2019-09-09	8.3741	8.4042	7.9878	8.0402	1442498
2019-09-10	8.2431	8.2431	7.4640	8.0467	2737299
2019-09-11	8.0860	8.3479	8.0598	8.3348	1416130
2019-09-12	8.3872	8.4134	7.9485	7.9681	1891460
2019-09-13	7.9616	8.2150	7.8699	8.1449	1282161
2019-09-16	8.3282	8.6687	8.2600	8.4723	1636336
2019-09-17	8.5247	9.6966	8.4854	9.4937	7503316
2019-09-18	9.5002	9.6770	9.2187	9.4347	3244846
2019-09-19	9.4216	10.1942	9.4086	9.8800	4733641
2019-09-20	9.7490	9.9127	9.5526	9.6246	2994031
2019-09-23	9.6312	10.0960	9.4216	9.8276	2860556
2019-09-24	9.9585	10.1288	9.0026	9.0419	3528962
2019-09-25	8.9699	9.1598	8.8884	9.0550	1948875
2019-09-26	9.0681	9.1008	8.1613	8.1776	3662293
2019-09-27	8.1907	8.2399	7.4640	7.4967	6486365
2019-09-30	7.5164	7.5622	7.0842	7.1825	3248491
2019-10-01	7.1890	7.2564	6.7831	6.8027	3466430
2019-10-02	6.7307	6.7700	6.5736	6.6488	2661419
2019-10-03	6.6652	6.8092	6.4164	6.7765	4846893
2019-10-04	6.8747	7.2214	6.6726	6.9075	4356100
2019-10-07	7.3461	7.6277	6.6128	6.6652	8741636
2019-10-08	6.5736	6.8387	6.5539	6.6259	3221180
2019-10-09	6.7569	6.8420	6.2462	6.4099	3730793
2019-10-10	6.3771	6.5866	6.3182	6.4000	2358914
2019-10-11	6.4950	6.5997	6.3706	6.5277	2659058
2019-10-14	6.4884	6.5539	6.3117	6.3215	2702590
2019-10-15	6.3182	6.3575	6.0759	6.1905	2786752
2019-10-16	6.1938	6.2658	5.9712	6.0759	2472261
2019-10-17	6.0890	6.2920	5.9581	6.1938	2659171
2019-10-18	6.1611	6.3706	6.1054	6.2724	3683090
2019-10-21	6.2658	6.7634	6.1742	6.6652	3577224
2019-10-22	6.6652	6.7045	5.9843	6.1021	4625723
2019-10-23	6.0759	6.3509	6.0759	6.1283	2433648
2019-10-24	6.1807	6.2462	6.0236	6.0498	2270628
2019-10-25	5.9974	6.0629	5.7289	6.0301	3342944
2019-10-28	6.0694	6.2629	6.0465	6.1021	2907718
2019-10-29	6.1283	6.2822	6.0105	6.1611	2507779
2019-10-30	6.1087	6.1480	5.4801	5.4998	7429078
2019-10-31	6.2527	6.8616	5.7093	5.7355	9183145
2019-11-01	5.7617	5.8730	5.3426	5.7748	5667619
2019-11-04	5.8141	5.8533	5.4212	5.4343	4939702
2019-11-05	5.4343	5.6504	5.2608	5.5849	3956356
2019-11-06	5.5587	5.8141	5.5325	5.7158	2614323
2019-11-07	5.7551	5.8108	5.5391	5.5456	2273494
2019-11-08	5.5063	5.5358	5.4474	5.4801	2107321
2019-11-11	5.8468	6.3051	5.5391	5.5456	8890667
2019-11-12	5.5718	5.9385	5.4638	5.5784	3972154
2019-11-13	5.5653	5.6242	5.2215	5.2313	4650405
2019-11-14	5.2379	5.2706	4.9793	5.2248	5246762
2019-11-15	5.2706	5.4998	5.2641	5.4343	1981503
2019-11-18	5.2051	5.4998	5.1921	5.4081	2529677
2019-11-19	5.4539	5.6831	5.4016	5.5849	2942728
2019-11-20	5.5456	5.5587	4.8254	4.8581	8283978
2019-11-21	5.1921	5.1986	4.5831	4.6814	17598468
2019-11-22	4.6814	4.7730	4.5046	4.7141	6490055
2019-11-25	4.7207	4.9040	4.6617	4.8189	4426469
2019-11-26	4.8450	4.8581	4.6683	4.7272	3167394
2019-11-27	4.7337	4.9825	4.7141	4.9629	2537521
2019-11-29	4.9236	5.0055	4.8516	4.9040	2325779
2019-12-02	4.9040	4.9105	4.7141	4.7665	3199082
2019-12-03	4.6945	4.8909	4.6748	4.8647	2284610
2019-12-04	4.8909	4.9498	4.7992	4.8254	1873085
2019-12-05	4.8516	4.8909	4.5831	4.6388	7262698
2019-12-06	4.6552	4.8450	4.6355	4.7403	2944135
2019-12-09	4.7403	4.8319	4.6945	4.7337	2053252
2019-12-10	4.7207	4.7534	4.6650	4.7141	1645273
2019-12-11	4.7076	4.9629	4.6748	4.9498	2570871
2019-12-12	4.9433	4.9695	4.8450	4.9367	2185067
2019-12-13	4.9171	5.1266	4.9171	5.0218	2536753
2019-12-16	5.0677	5.4343	5.0677	5.1790	5317023
2019-12-17	5.2379	5.2412	5.0546	5.1659	2289769
2019-12-18	5.1659	5.2968	5.1462	5.2051	2149816
2019-12-19	5.2379	5.2903	4.9956	5.0349	3645392
2019-12-20	5.0742	5.1135	4.9400	5.0546	4825534
2019-12-23	5.0546	5.1855	5.0087	5.1593	1939111
2019-12-24	5.1593	5.2772	5.1200	5.2641	890534
2019-12-26	5.2772	5.5129	5.2772	5.4147	3343923
2019-12-27	5.4539	5.4801	5.1855	5.2183	2275238
2019-12-30	5.1724	5.2051	5.0218	5.1495	3004581
2019-12-31	5.0677	5.1397	4.9563	5.1069	3480969
2020-01-02	5.1724	5.1733	5.0284	5.1266	1810943
2020-01-03	5.0611	5.0906	4.8123	4.8221	4621514
2020-01-06	4.7337	4.9367	4.6388	4.8909	3636201
2020-01-07	4.9040	5.0938	4.8319	5.0022	2124057
2020-01-08	4.9629	5.0971	4.8843	5.0251	2945211
2020-01-09	5.0611	5.2543	5.0480	5.1659	2448804
2020-01-10	5.1855	5.2019	5.0415	5.0677	1684211
2020-01-13	5.0480	5.5784	5.0480	5.5096	5276477
2020-01-14	5.5522	5.8206	5.4475	5.6635	6145039
2020-01-15	5.6307	5.7027	5.3361	5.6471	4521807
2020-01-16	5.6962	5.8533	5.6831	5.7551	2718378
2020-01-17	5.8075	5.8730	5.6897	5.7420	2525229
2020-01-21	5.7748	5.8271	5.5947	5.7420	2756706
2020-01-22	5.7748	5.8730	5.6569	5.7093	2107489
2020-01-23	5.7879	6.0563	5.6471	5.9319	3561608
2020-01-24	5.9581	6.0105	5.6635	5.7486	2877762
2020-01-27	5.5653	5.5718	5.3688	5.4932	2414618
2020-01-28	5.5456	5.7093	5.5260	5.6700	1537300
2020-01-29	5.6962	5.8271	5.6307	5.6700	2132998
2020-01-30	5.6307	5.8795	5.5849	5.7158	2568309
2020-01-31	5.6766	5.7158	5.5456	5.5784	2261379
2020-02-03	5.6045	5.7748	5.5980	5.7486	2059754
2020-02-04	5.8468	6.1676	5.8197	6.0759	3332637
2020-02-05	6.2004	6.4754	6.0989	6.2396	3540343
2020-02-06	6.3902	6.4819	6.2200	6.4099	3334320
2020-02-07	6.4230	6.6063	6.1480	6.2331	4505345
2020-02-10	6.2986	6.3961	6.0301	6.2200	3168901
2020-02-11	6.2789	6.5277	6.2789	6.4753	3661577
2020-02-12	6.6848	7.3167	6.6128	7.1628	9638460
2020-02-13	6.3771	6.3837	5.7289	5.7748	13996949
2020-02-14	5.8599	5.8795	5.4081	5.4605	8831066
2020-02-18	5.4212	6.0498	5.3426	6.0301	8685817
2020-02-19	6.2724	7.0515	6.2396	6.8224	11856903
2020-02-20	6.7962	7.0908	6.5736	6.9991	7508568
2020-02-21	6.8224	6.8224	6.4915	6.6783	4857248
2020-02-24	6.1807	6.6357	6.0432	6.5081	4910070
2020-02-25	6.5277	6.6128	6.1087	6.2265	4625929
2020-02-26	6.1873	6.3837	5.7486	5.8141	4736950
2020-02-27	5.5849	5.7355	5.3165	5.4736	5310043
2020-02-28	5.2706	5.6569	5.1135	5.6111	6353543
2020-03-02	5.6962	5.7224	5.3557	5.7093	4138950
2020-03-03	5.8337	6.0399	5.7027	5.8337	5109409
2020-03-04	5.9319	6.0498	5.7748	6.0432	3614560
2020-03-05	5.8861	6.1611	5.8239	6.1218	4334243
2020-03-06	5.9123	6.0629	5.5063	5.5980	4471826
2020-03-09	5.1135	5.2051	4.4849	4.5046	5766246
2020-03-10	4.7992	4.8289	4.1805	4.4980	5061163
2020-03-11	4.3343	4.4653	4.0266	4.0725	5543900
2020-03-12	3.6403	3.6600	3.1755	3.3130	8117038
2020-03-13	3.6207	3.6731	3.2017	3.3130	5395700
2020-03-16	2.9398	3.1362	2.6386	2.9398	4802502
2020-03-17	2.9856	3.6993	2.7826	3.5094	6116707
2020-03-18	3.2017	3.6207	3.0314	3.2213	5860623
2020-03-19	3.2147	3.9219	3.1231	3.6403	4701575
2020-03-20	3.8367	4.0168	3.4832	3.8040	8264101
2020-03-23	3.8564	4.0987	3.6076	4.0332	5324365
2020-03-24	4.3147	4.5275	4.1838	4.4391	5123414
2020-03-25	4.5111	4.8254	4.2034	4.3671	6927249
2020-03-26	4.4195	4.4915	4.0855	4.1772	5374687
2020-03-27	3.9939	4.0004	3.5618	3.5814	5241528
2020-03-30	3.6665	3.6665	3.4374	3.5290	3992057
2020-03-31	3.5225	3.5945	3.2802	3.3195	4444585
2020-04-01	3.2344	3.2409	2.9561	3.1035	4812450
2020-04-02	3.1035	3.3981	3.0838	3.2082	3355211
2020-04-03	3.0707	3.2279	3.0183	3.0969	4814412
2020-04-06	3.2737	3.6665	3.2737	3.6338	4596363
2020-04-07	3.8302	3.9337	3.6731	3.7025	3590000
2020-04-08	3.7975	3.9481	3.6665	3.8760	2639241
2020-04-09	3.9611	4.1641	3.9546	4.1183	3563917
2020-04-13	4.0790	4.2296	3.9251	4.1969	2604199
2020-04-14	4.3213	4.4784	4.2492	4.3671	2672907
2020-04-15	4.1576	4.2820	4.0594	4.2427	1979432
2020-04-16	4.3016	4.4260	4.0725	4.2361	2133251
2020-04-17	4.3802	4.4653	4.2885	4.3671	3168597
2020-04-20	4.2296	4.3147	4.0921	4.1248	3026253
2020-04-21	4.0987	4.1707	3.9284	4.0266	2258629
2020-04-22	4.1576	4.2165	4.0790	4.1772	1438107
2020-04-23	4.2427	4.5701	4.2230	4.4784	2909907
2020-04-24	4.4849	4.5242	4.2492	4.3736	1738316
2020-04-27	4.4195	4.6154	4.3933	4.5046	2202989
2020-04-28	4.5831	4.7207	4.4849	4.6552	2264784
2020-04-29	4.7796	5.0742	4.7534	5.0611	2593281
2020-04-30	4.9433	4.9891	4.7994	4.8123	2366160
2020-05-01	4.6159	4.6683	4.4121	4.4849	2344528
2020-05-04	4.3998	4.6683	4.3739	4.6617	1559080
2020-05-05	4.8450	4.9760	4.7141	4.7141	2408801
2020-05-06	4.7730	5.0153	4.7290	4.9171	2607843
2020-05-07	4.9433	4.9956	4.6977	4.7534	3149574
2020-05-08	5.2444	5.4671	4.9793	5.0480	6761443
2020-05-11	4.9498	5.1200	4.8123	4.8254	2615249
2020-05-12	4.8778	4.9825	4.6290	4.6290	2822898
2020-05-13	4.6945	4.7861	4.3409	4.4588	4763737
2020-05-14	4.3278	4.3802	3.9939	4.2361	5406865
2020-05-15	4.1379	4.2100	4.0332	4.1510	2248635
2020-05-18	4.3540	4.7108	4.3016	4.6945	3569413
2020-05-19	4.6748	5.0480	4.6552	4.8909	3941925
2020-05-20	5.0349	5.1397	4.5570	4.6748	3905068
2020-05-21	4.6421	4.7599	4.4653	4.4980	3072575
2020-05-22	4.5111	4.5439	4.3867	4.3966	1942933
2020-05-26	4.5766	4.9105	4.5701	4.7665	3275559
2020-05-27	4.8483	4.9367	4.4948	4.7730	2899547
2020-05-28	4.7730	4.8647	4.5701	4.5963	2238482
2020-05-29	4.5831	4.7468	4.5177	4.7272	2216749
2020-06-01	4.7010	4.8778	4.6552	4.8450	2882608
2020-06-02	4.8516	4.9956	4.7599	4.8254	2574994
2020-06-03	4.8974	5.1069	4.8450	5.0938	2435298
2020-06-04	5.0938	5.1921	4.8712	4.9695	2898344
2020-06-05	5.0349	5.3688	4.9956	5.2379	2915400
2020-06-08	5.3361	5.8533	5.2510	5.8403	3363714
2020-06-09	5.6504	5.6728	5.1397	5.2870	4519216
2020-06-10	5.3230	5.3688	4.9498	4.9989	3027121
2020-06-11	4.6814	4.8647	4.5602	4.5831	3799918
2020-06-12	4.7927	4.8634	4.5570	4.8254	3547480
2020-06-15	4.6421	4.8553	4.5885	4.8189	2622549
2020-06-16	5.0415	5.1331	4.8843	5.0218	3508868
2020-06-17	5.1397	5.1397	4.5635	4.6093	4951228
2020-06-18	4.6159	4.8418	4.5897	4.6355	4806384
2020-06-19	4.7076	5.1593	4.6880	4.7665	8411094
2020-06-22	4.7534	4.7796	4.5930	4.6748	2952782
2020-06-23	4.7272	4.9236	4.6814	4.8811	2592939
2020-06-24	4.7927	4.8647	4.5308	4.7337	3396945
2020-06-25	4.7076	5.0546	4.6683	5.0415	3517584
2020-06-26	4.9760	5.0480	4.7076	4.7207	4171408
2020-06-29	4.7861	4.9760	4.7468	4.8909	2243776
2020-06-30	4.8843	5.3426	4.8843	5.0153	4343691
2020-07-01	4.9760	5.0742	4.8641	4.9956	1962882
2020-07-02	5.1921	5.2772	4.9695	5.0808	2339396
2020-07-06	5.2051	5.6635	5.1921	5.5522	4518875
2020-07-07	5.5063	5.8206	5.4146	5.6373	4287757
2020-07-08	5.6569	6.2331	5.6176	6.1676	4953717
2020-07-09	6.3247	6.9140	6.1658	6.4033	8642674
2020-07-10	6.3378	6.4295	5.9516	6.0432	3654727
2020-07-13	6.1414	6.3509	5.8010	5.8730	4174592
2020-07-14	5.7551	6.6521	5.7420	6.4590	6511459
2020-07-15	6.8747	7.1235	6.4819	6.9402	7501839
2020-07-16	6.8485	6.9337	6.3509	6.4066	6016087
2020-07-17	6.4950	6.5736	6.0759	6.2920	4931404
2020-07-20	6.3837	6.9795	6.3378	6.7765	5559347
2020-07-21	6.7962	6.8616	6.2953	6.4099	4205645
2020-07-22	6.3968	6.5343	6.2593	6.4557	2665648
2020-07-23	6.4753	6.7896	6.3771	6.6259	3984575
2020-07-24	6.5015	6.5801	6.2396	6.3771	2447532
2020-07-27	6.4492	6.9926	6.3968	6.9795	3577731
2020-07-28	6.9075	6.9389	6.3771	6.4099	4430429
2020-07-29	6.4230	6.6128	6.3575	6.3804	3243062
2020-07-30	6.2986	6.3771	6.0301	6.2462	3884520
2020-07-31	6.2200	6.2200	5.9745	6.1087	3196518
2020-08-03	6.1676	6.5343	6.1414	6.4819	3225558
2020-08-04	6.6128	7.4902	6.5866	7.2741	7600878
2020-08-05	7.3134	7.6342	7.0188	7.5295	5535695
2020-08-06	7.2348	7.7848	7.0515	7.3068	5227838
2020-08-07	7.3068	8.0746	7.1759	7.7652	6956935
2020-08-10	7.8634	8.2144	7.8437	7.9420	4982374
2020-08-11	7.9681	7.9747	7.4902	7.6146	3618902
2020-08-12	7.6604	8.1286	7.6539	7.7979	5370648
2020-08-13	7.8175	8.0074	7.4836	7.6277	7656536
2020-08-14	7.5818	7.6670	7.3461	7.4313	2756673
2020-08-17	7.4640	7.6899	7.4116	7.5164	2564501
2020-08-18	7.5295	7.7390	7.3854	7.6932	2324774
2020-08-19	7.6997	8.3872	7.6866	7.7979	6105792
2020-08-20	7.8306	7.8553	7.3134	7.3527	3495474
2020-08-21	7.3658	7.6800	7.3461	7.6604	2783264
2020-08-24	7.7848	8.1187	7.7062	7.9550	3345632
2020-08-25	7.9878	8.7407	7.8699	8.6916	5944139
2020-08-26	8.7735	9.4609	8.6849	8.9175	8214762
2020-08-27	11.1200	12.3400	10.5000	11.0450	15427416
2020-08-28	11.3000	11.8350	10.5400	11.4300	12020090
2020-08-31	11.5600	11.7400	10.8100	11.1900	7463712
2020-09-01	11.2500	12.4600	11.2200	11.9300	8911588
2020-09-02	12.0200	12.3900	11.2600	12.0500	5142075
2020-09-03	12.0200	12.0900	10.9700	11.2200	5513683
2020-09-04	11.3000	11.3965	9.9500	11.0900	6648410
2020-09-08	10.6000	11.4200	10.5420	10.9900	4205435
2020-09-09	11.3336	11.8200	11.2150	11.7300	3581042
2020-09-10	11.7900	11.8900	10.4650	10.6600	7407029
2020-09-11	10.9873	11.3750	10.4500	10.6400	5111745
2020-09-14	10.7500	10.9900	10.3500	10.9700	4463490
2020-09-15	11.1000	11.2400	10.8500	11.0200	4175555
2020-09-16	11.1000	11.4200	10.6450	10.6900	5564702
2020-09-17	10.4000	10.4100	9.8800	9.8900	4450318
2020-09-18	10.2378	10.4000	10.0200	10.1100	8583308
2020-09-21	9.8100	10.0750	9.6500	10.0300	2780205
2020-09-22	10.2100	10.3200	9.9050	10.1700	2866850
2020-09-23	10.1900	10.8100	10.1700	10.2100	5066709
2020-09-24	10.0700	10.4200	9.5438	10.1400	3502122
2020-09-25	10.1400	10.7500	10.0260	10.6600	3806719
2020-09-28	10.9100	12.3400	10.9100	11.7000	13214370
2020-09-29	11.7200	12.9100	11.5100	11.9600	14431951
2020-09-30	12.0973	13.3900	12.0973	12.5100	11156614
2020-10-01	12.8500	13.5400	12.4000	13.3600	9342836
2020-10-02	12.8700	14.0600	12.8000	13.5600	7140376
2020-10-05	13.9700	15.9400	13.9200	15.5600	14090005
2020-10-06	15.8350	16.4000	14.6801	15.6100	14806604
2020-10-07	16.1800	18.1700	16.1700	17.3300	18550961
2020-10-08	18.1017	18.2500	16.6550	16.8900	13043108
2020-10-09	16.9100	17.9500	16.5300	17.4300	9001984
2020-10-12	17.6600	17.6800	15.5000	16.5200	15173752
2020-10-13	16.0100	17.1300	15.7000	16.6600	8979843
2020-10-14	16.7900	17.1900	16.4650	16.8700	7294307
2020-10-15	16.2700	17.0800	16.0100	16.9800	6065000
2020-10-16	17.2800	17.9700	16.5650	16.9700	14518537
2020-10-19	17.2800	19.3800	16.7900	17.5200	18665427
2020-10-20	17.7000	18.3600	17.0900	17.6900	11920756
2020-10-21	17.7400	18.2000	15.9500	16.1200	10667482
2020-10-22	16.0900	16.5850	15.0200	16.4100	13129188
2020-10-23	16.8400	17.1778	15.9800	16.8600	8655722
2020-10-26	16.1800	16.8300	15.8500	16.4200	9393045
2020-10-27	15.8500	16.2800	15.1300	15.4900	9028928
2020-10-28	15.5900	16.7800	15.4300	16.2000	9640368
2020-10-29	15.8900	17.2500	15.8800	16.3900	9843588
2020-10-30	16.3000	16.4399	15.2500	15.9900	6580075
2020-11-02	16.0200	16.9250	15.7700	16.8450	8173597
2020-11-03	16.9600	18.1700	16.6700	17.0500	10525302
2020-11-04	16.1000	16.8200	14.6600	16.5700	22129990
2020-11-05	17.3000	19.8200	17.2100	19.3900	17725844
2020-11-06	19.9000	21.2900	19.5000	20.3300	14712254
2020-11-09	21.4100	21.6000	19.2200	19.2600	9837686
2020-11-10	19.8000	20.1700	18.2200	18.5650	6019880
2020-11-11	19.0100	20.7100	18.9000	19.5100	8949976
2020-11-12	19.6500	20.0500	18.6200	18.7300	6790623
2020-11-13	19.0200	19.7400	18.6600	18.9850	4857304
2020-11-16	19.3031	20.4700	19.0500	19.7300	7852461
2020-11-17	19.5800	20.5500	19.0200	20.4400	5999487
2020-11-18	20.5800	21.1100	19.8300	19.8500	5334333
2020-11-19	20.1704	21.0500	19.6200	21.0300	4885550
2020-11-20	21.2550	22.5600	21.1200	21.7000	8822070
2020-11-23	22.1300	22.4000	21.3300	21.9300	6341084
2020-11-24	22.4400	23.3200	21.7100	22.9900	6339842
2020-11-25	22.8400	24.2100	22.5700	23.3500	4996459
2020-11-27	23.8900	24.4000	23.0300	23.1600	4285951
2020-11-30	23.7900	23.8400	21.2300	22.1600	7737903
2020-12-01	22.5400	22.5900	21.1100	21.2400	5399769
2020-12-02	20.7600	21.7350	20.0700	21.6500	4107158
2020-12-03	21.7100	21.7900	20.6600	20.6900	4910485
2020-12-04	20.8957	21.3500	20.4500	20.9100	4020406
2020-12-07	20.6200	21.7000	20.6101	21.0500	3902586
2020-12-08	21.0000	22.2200	21.0000	22.1800	4567214
2020-12-09	22.6100	22.6900	20.4100	20.8200	5758498
2020-12-10	20.5100	21.3700	20.2800	21.1600	3365632
2020-12-11	21.0300	22.5500	20.7000	21.5000	4451202
2020-12-14	21.8200	22.1900	20.9000	21.9900	3631075
2020-12-15	22.4200	26.1400	22.2500	24.8700	12888737
2020-12-16	24.5500	25.1389	23.5500	25.0100	5329892
2020-12-17	25.4100	25.6100	24.1200	24.6200	5120217
2020-12-18	24.7076	27.6500	24.6800	25.5000	12517803
2020-12-21	25.5100	27.8800	25.1100	27.5100	8415662
2020-12-22	28.0500	32.1900	27.7800	30.6500	13612812
2020-12-23	31.5200	31.8900	29.6400	30.0400	7624633
2020-12-24	29.8200	31.0980	29.2300	29.8700	3483739
2020-12-28	31.1619	31.6300	25.8900	26.3100	11660041
2020-12-29	26.7000	26.7000	24.0100	24.7300	8841618
2020-12-30	25.2500	26.9200	25.1100	25.8900	7996853
2020-12-31	26.1494	26.5500	25.0600	25.6400	5148189
2021-01-04	25.9950	26.7700	24.7200	25.3100	5708462
2021-01-05	25.0500	25.8300	24.2600	24.7400	5279263
2021-01-06	27.1700	31.6500	26.2900	29.7300	22615044
2021-01-07	32.2500	32.8600	30.4600	31.3000	12238667
2021-01-08	32.0300	32.0800	28.7500	29.3000	10154091
2021-01-11	28.3200	30.7800	28.1200	29.6500	6683701
2021-01-12	30.1700	30.9300	28.8300	30.2400	7646128
2021-01-13	30.4945	32.0700	29.2700	31.5900	7675229
2021-01-14	31.6800	36.0600	31.5900	35.0800	10470939
2021-01-15	34.3800	34.5500	31.5500	31.9600	11724823
2021-01-19	34.1800	37.7700	32.8501	36.8500	13721765
2021-01-20	37.3966	38.0500	35.9000	37.3700	8992443
2021-01-21	38.0000	44.5500	37.1500	43.7800	18899343
2021-01-22	42.1100	47.2200	41.0100	47.2100	16190559
2021-01-25	48.4000	54.9900	42.9621	47.3300	21466799
2021-01-26	47.9100	54.2800	46.1900	53.9200	15386983
2021-01-27	50.5200	53.9500	47.6000	52.3400	15701445
2021-01-28	50.8800	53.2600	45.2500	52.8900	16257967
2021-01-29	53.4600	57.5199	50.5500	54.0100	12013477
2021-02-01	54.2000	54.6000	45.3000	48.6900	15173080
2021-02-02	47.5400	49.0000	43.2800	43.7600	10338736
2021-02-03	43.2000	45.1400	41.5300	44.7900	9121746
2021-02-04	43.3300	44.0000	40.0100	40.1300	9927892
2021-02-05	40.3775	45.7000	38.2100	43.5300	11316589
2021-02-08	44.4800	46.3900	44.0500	45.3500	6871813
2021-02-09	45.0400	49.6600	45.0400	49.1200	7878478
2021-02-10	49.5000	51.4100	46.4201	49.1400	7380337
2021-02-11	49.6300	51.7243	47.5100	49.9600	4981893
2021-02-12	49.1300	50.4600	47.5500	49.8100	3570692
2021-02-16	49.7900	50.3200	46.2868	46.5400	4527436
2021-02-17	45.5500	45.5600	42.6000	43.6100	6441713
2021-02-18	39.6300	41.3200	36.0000	36.3300	11473855
2021-02-19	38.3300	39.4900	37.2500	37.7600	7023061
2021-02-22	35.8100	37.1000	32.9200	33.5300	8510035
2021-02-23	30.9200	35.8400	28.3100	35.3900	13515812
2021-02-24	35.7980	37.9600	33.7300	37.7500	5320285
2021-02-25	37.7000	38.6999	34.1300	34.5900	4933011
2021-02-26	35.2200	36.1198	33.0525	34.7700	5475333
2021-03-01	36.1200	38.4100	35.4100	38.1900	4653267
2021-03-02	38.0000	38.4900	34.6000	35.1500	5169096
2021-03-03	35.0300	36.1800	32.4250	32.9500	5009218
2021-03-04	31.7761	33.2500	29.5800	31.2700	6495948
2021-03-05	32.0000	32.0000	27.3850	30.6800	6446824
2021-03-08	30.0757	31.7000	28.6406	29.0900	3835038
2021-03-09	30.7000	33.2400	30.4373	32.2500	5898062
2021-03-10	33.5600	34.9800	31.6800	32.3000	3742866
2021-03-11	34.0000	36.0800	33.5000	35.9200	4408093
2021-03-12	34.5500	36.7300	33.8000	36.3000	3226599
2021-03-15	36.4300	37.8800	35.8000	36.9500	2848538
2021-03-16	35.5900	36.2500	33.1200	34.0000	4631662
2021-03-17	32.9900	33.8200	31.8800	33.2900	5475977
2021-03-18	32.4700	32.6700	30.4700	30.6700	3735423
2021-03-19	30.9200	32.5800	30.3000	31.8600	6992865
2021-03-22	33.0000	35.0900	32.7000	34.4400	3946639
2021-03-23	33.4600	34.3700	31.6605	32.1500	3767014
2021-03-24	32.8800	33.0050	30.4500	30.6900	3247288
2021-03-25	29.6400	32.1399	29.2000	31.5550	4076691
2021-03-26	31.5500	33.4053	31.0500	32.8700	3524178
2021-03-29	32.3200	32.7800	29.0601	29.2400	5037632
2021-03-30	29.3000	31.9848	29.2800	31.5200	3839175
2021-03-31	33.0200	34.1400	32.1400	33.4500	5101994
2021-04-01	34.7221	35.0000	32.8800	33.2400	3660444
2021-04-05	34.1600	34.3200	32.1700	32.5000	3710612
2021-04-06	32.3900	34.4600	32.3500	32.5300	2945469
2021-04-07	32.3500	32.5300	29.4900	29.5400	5271360
2021-04-08	30.2500	30.2800	29.2700	29.3800	3702315
2021-04-09	29.1200	30.0500	28.5000	29.7100	2591839
2021-04-12	29.5400	29.5400	27.5900	28.2000	3785903
2021-04-13	28.1500	28.7400	27.5500	28.5500	2926143
2021-04-14	28.7500	30.1200	28.3450	28.4100	3816964
2021-04-15	29.0000	29.1800	25.5800	26.4400	5020492
2021-04-16	26.5500	27.9200	26.3900	27.3700	6393411
2021-04-19	27.4500	28.2200	26.0700	26.5400	3803556
2021-04-20	26.5000	26.8980	25.1700	25.9300	3248555
2021-04-21	25.6000	27.4100	25.0200	27.3800	2589691
2021-04-22	27.9200	28.9800	27.4000	27.6600	4502055
2021-04-23	28.0700	29.4200	27.5100	29.0100	3461071
2021-04-26	29.1100	29.6950	28.2300	29.4900	2728736
2021-04-27	29.5400	29.7550	28.7600	29.0000	2030439
2021-04-28	28.2200	28.7000	27.4437	27.9100	3309956
2021-04-29	28.2100	28.6800	26.8600	27.1400	3103875
2021-04-30	26.7900	26.8700	25.5750	25.6900	3665981
2021-05-03	25.8600	26.2100	24.6100	24.8600	5091656
2021-05-04	24.3850	24.4500	22.6100	23.0000	7412567
2021-05-05	21.0635	24.5900	20.6500	23.2800	11712274
2021-05-06	23.0759	23.6200	21.7700	22.5600	4748596
2021-05-07	23.0600	23.9550	22.6100	23.3700	3153711
2021-05-10	23.1500	23.1700	21.3600	21.4400	4136709
2021-05-11	20.0000	22.5500	19.7500	22.2600	4974680
2021-05-12	21.6100	22.5000	21.1700	21.2500	2513791
2021-05-13	21.6072	21.9200	20.2100	20.9100	2801065
2021-05-14	21.3100	22.3300	21.2000	22.2400	2711652
2021-05-17	22.3000	22.4000	21.1700	21.9500	2731418
2021-05-18	22.0600	22.9100	21.5500	22.1950	3147165
2021-05-19	21.5500	23.3700	21.3000	23.0600	3815746
2021-05-20	23.4100	24.3300	23.3000	23.8200	3318695
2021-05-21	24.1000	24.2050	23.3700	23.5400	2459568
2021-05-24	23.9052	23.9052	23.0100	23.4400	1848520
2021-05-25	23.5700	23.7400	22.4600	22.6700	3030086
2021-05-26	22.8300	23.7200	22.6928	23.5400	2410609
2021-05-27	23.5900	23.9000	23.3100	23.7600	2287804
2021-05-28	23.9813	24.4900	23.3200	23.3900	2250611
2021-06-01	23.9600	24.1500	22.7600	23.1900	2555255
2021-06-02	23.2100	24.3500	22.9100	24.2600	3757018
2021-06-03	23.9100	24.2300	22.5100	22.5500	4322839
2021-06-04	22.8500	23.8950	22.5800	22.8400	2824633
2021-06-07	22.7900	23.2200	22.2300	23.2000	2003104
2021-06-08	23.5300	25.9100	23.2300	25.0000	9529149
2021-06-09	25.3600	26.3700	24.3800	24.4300	5043227
2021-06-10	24.4934	26.8500	24.4600	26.4400	9105127
2021-06-11	26.4400	27.1700	25.0800	25.9000	5930712
2021-06-14	26.6000	27.3800	25.8400	26.0400	5028903
2021-06-15	25.6900	26.0000	23.8400	24.0200	5394827
2021-06-16	23.9750	24.9300	23.7800	24.6200	3399046
2021-06-17	24.4200	26.9600	24.3200	26.7200	6645875
2021-06-18	25.9416	26.9014	25.1000	25.3700	5065779
2021-06-21	25.1700	26.3400	24.7100	25.4100	3614819
2021-06-22	25.1900	25.9000	25.0384	25.5100	2221610
2021-06-23	25.7500	27.3300	25.5500	27.0500	3595061
2021-06-24	27.9535	28.7700	27.3000	27.7800	5954893
2021-06-25	27.7700	28.6400	27.3300	27.4400	3751039
2021-06-28	27.9000	30.6940	27.9000	30.6800	6353119
2021-06-29	30.7500	31.2600	29.5300	29.8900	4036115
2021-06-30	29.7400	29.7500	28.5000	29.2200	2767881
2021-07-01	29.2900	29.4390	28.0800	28.9000	2969897
2021-07-02	28.9700	29.7400	28.6800	28.8100	2588358
2021-07-06	28.8600	29.7900	28.2100	29.5900	3130601
2021-07-07	30.5750	31.5100	27.6800	28.1900	5797608
2021-07-08	26.9500	28.0800	26.3400	27.5800	3254102
2021-07-09	27.8100	27.9700	27.0500	27.9200	1948853
2021-07-12	28.1800	29.3600	27.6100	29.0400	3983637
2021-07-13	28.9200	28.9500	27.8300	28.0500	2348519
2021-07-14	28.0400	28.1500	23.7801	23.9400	7734474
2021-07-15	24.0000	24.7500	23.0800	23.5000	5972364
2021-07-16	23.6000	24.0180	22.5600	22.6500	3606048
2021-07-19	21.6700	23.5500	21.5000	23.3400	3645806
2021-07-20	23.6300	24.2600	23.0300	24.1400	2376925
2021-07-21	24.5000	25.4400	24.3100	25.4300	2343711
2021-07-22	25.6000	25.6000	24.1397	24.5500	2104712
2021-07-23	24.5300	24.5460	23.1300	23.7500	3220190
2021-07-26	23.7000	24.7050	23.1600	23.7000	2781486
2021-07-27	23.6100	23.6700	22.0500	23.1100	3738141
2021-07-28	23.4700	24.6300	23.0800	24.2300	3436303
2021-07-29	24.4100	25.2100	24.2000	24.6300	2278742
2021-07-30	24.0400	25.4800	23.7500	24.7700	1813884
2021-08-02	25.0600	25.2000	24.1400	24.1800	1958780
2021-08-03	24.8000	25.3100	24.3100	25.3100	5430775
2021-08-04	23.6500	24.4700	22.3250	23.0200	7345793
2021-08-05	23.0900	24.0300	23.0500	23.5000	2615048
2021-08-06	23.8000	24.5100	23.2100	23.2900	2836824
2021-08-09	23.4000	24.3600	23.0700	23.9300	2595877
2021-08-10	24.2300	24.8300	24.1250	24.3100	2303309
2021-08-11	24.3800	24.5700	22.9200	23.6900	2784927
2021-08-12	23.5100	24.0800	23.2500	23.8700	1645646
2021-08-13	23.6000	23.6100	22.6700	22.7000	2800521
2021-08-16	22.3500	22.5934	21.8000	21.9800	2787275
2021-08-17	21.4200	21.7100	20.7200	21.2300	3527363
2021-08-18	21.4100	21.6143	20.8000	21.0300	2103684
2021-08-19	20.7000	21.3200	20.5000	20.5500	2689689
2021-08-20	20.5000	21.1800	20.4200	20.9400	2802848
2021-08-23	21.2667	21.8800	21.0600	21.7600	2649886
2021-08-24	22.0000	22.4600	21.6500	21.8200	2836902
2021-08-25	21.8700	21.9400	21.1700	21.5000	1969123
2021-08-26	21.4200	21.9700	21.2111	21.2400	2112069
2021-08-27	21.3000	21.9300	21.1500	21.6200	2186128
2021-08-30	21.8700	21.9300	21.3500	21.5300	2221230
2021-08-31	21.5577	21.8700	21.2100	21.5500	1759696
2021-09-01	21.8650	22.5500	21.7000	22.2200	2519928
2021-09-02	22.3300	22.8300	22.0701	22.2500	2514109
2021-09-03	22.1100	22.2600	21.6500	21.8300	1987290
2021-09-07	22.0000	22.3100	21.5400	21.9600	2141857
2021-09-08	22.5200	23.4200	21.2500	21.3100	3872237
2021-09-09	21.1448	21.9890	20.9500	21.6700	2040974
2021-09-10	21.8500	22.5400	21.2400	21.2600	2293600
2021-09-13	21.4400	22.5200	20.8600	22.2100	3226116
2021-09-14	22.3300	22.4400	21.4200	21.6100	2054479
2021-09-15	21.5500	21.9200	21.1500	21.6900	2151118
2021-09-16	21.5200	22.5500	21.2600	21.7600	2897988
2021-09-17	21.7600	22.5200	21.3890	22.4800	4132745
2021-09-20	21.6200	21.7800	20.5950	20.9300	3663325
2021-09-21	21.2000	21.3200	20.4400	21.0900	2601179
2021-09-22	21.5267	22.4200	21.3800	22.2500	2738460
2021-09-23	22.5100	22.7599	21.8600	22.5300	2607919
2021-09-24	22.3900	22.5600	21.8350	22.1900	2046866
2021-09-27	22.1000	23.6590	21.7200	23.4800	3382421
2021-09-28	23.0000	23.4000	22.4200	22.7800	2494611
2021-09-29	22.9200	23.1681	22.0801	22.1600	2179191
2021-09-30	22.2500	23.0000	22.2000	22.6800	2338025
2021-10-01	24.9650	25.4700	24.2700	24.8700	12936908
2021-10-04	24.5600	24.7700	22.9800	23.0900	22214620
2021-10-05	23.5700	23.8000	22.5399	22.6800	4354247
2021-10-06	22.1200	24.1000	21.7000	23.8400	5848114
2021-10-07	23.9050	24.9500	23.7900	24.7200	5274498
2021-10-08	24.9000	25.0500	23.8600	23.9600	2179982
